lesson_id,lesson_version,event_type,event_date,anchor_gold_date,alignment_method,gold_close_at_event,release_timestamp,source_artifact_path,source_artifact_sha256,cpi_value,previous_cpi_value,cpi_change_pct,cpi_pressure,macro_regime,gold_close_t_plus_1d,gold_return_1d_pct,gold_direction_1d,gold_close_t_plus_5d,gold_return_5d_pct,gold_direction_5d,gold_close_t_plus_20d,gold_return_20d_pct,gold_direction_20d,primary_horizon_days,lesson_text,us10y_value_at_event,us10y_value_lookback,us10y_change_bps,us10y_level,us10y_trend,dxy_value_at_event,dxy_value_lookback,dxy_change,dxy_level,dxy_trend,t5yie_value_at_event,t5yie_value_lookback,t5yie_change,t5yie_level,t5yie_trend
CPI_GOLD_2015-03-01,cpi_gold_v1,CPI,2015-03-01,2015-04-08,first_gold_session_on_or_after_release_timestamp,1203.099976,2015-04-08T08:30:00,C:\AurumAI\AurumAI\data\economic\CPIAUCSL.csv,04337a0b5f9995141bebfbea75d955e55b4b6649365000ac1a9d3776ce25577e,235.976,235.342,0.269395,inflation_pressure_up,CONTRACTION,1193.599976,-0.789627,DOWN,1201.5,-0.132988,DOWN,1190.300049,-1.063912,DOWN,20,"After CPI changed by 0.269395% on 2015-03-01, gold moved -1.063912% over 20 trading days (DOWN).",0.17,0.03,14.0,low_yield_regime,yields_rising,95.25,94.800003,0.449997,normal_dxy_regime,dxy_flat,1.49,1.29,0.2,low_breakeven_regime,breakeven_rising
CPI_GOLD_2015-04-01,cpi_gold_v1,CPI,2015-04-01,2015-05-13,first_gold_session_on_or_after_release_timestamp,1218.400024,2015-05-13T08:30:00,C:\AurumAI\AurumAI\data\economic\CPIAUCSL.csv,04337a0b5f9995141bebfbea75d955e55b4b6649365000ac1a9d3776ce25577e,236.222,235.976,0.104248,inflation_pressure_up,CONTRACTION,1225.400024,0.574524,UP,1208.900024,-0.779711,DOWN,1179.900024,-3.159882,DOWN,20,"After CPI changed by 0.104248% on 2015-04-01, gold moved -3.159882% over 20 trading days (DOWN).",0.07,0.25,-18.0,low_yield_regime,yields_falling,98.190002,95.459999,2.730003,normal_dxy_regime,dxy_rising,1.58,1.54,0.04,normal_breakeven_regime,breakeven_flat
CPI_GOLD_2015-05-01,cpi_gold_v1,CPI,2015-05-01,2015-06-10,first_gold_session_on_or_after_release_timestamp,1186.099976,2015-06-10T08:30:00,C:\AurumAI\AurumAI\data\economic\CPIAUCSL.csv,04337a0b5f9995141bebfbea75d955e55b4b6649365000ac1a9d3776ce25577e,237.001,236.222,0.329775,inflation_pressure_up,CONTRACTION,1179.900024,-0.522717,DOWN,1176.400024,-0.817802,DOWN,1159.0,-2.284797,DOWN,20,"After CPI changed by 0.329775% on 2015-05-01, gold moved -2.284797% over 20 trading days (DOWN).",0.18,0.07,11.0,low_yield_regime,yields_rising,95.300003,98.190002,-2.889999,normal_dxy_regime,dxy_falling,1.72,1.58,0.14,normal_breakeven_regime,breakeven_rising
CPI_GOLD_2015-06-01,cpi_gold_v1,CPI,2015-06-01,2015-07-08,first_gold_session_on_or_after_release_timestamp,1163.300049,2015-07-08T08:30:00,C:\AurumAI\AurumAI\data\economic\CPIAUCSL.csv,04337a0b5f9995141bebfbea75d955e55b4b6649365000ac1a9d3776ce25577e,237.657,237.001,0.276792,inflation_pressure_up,CONTRACTION,1159.0,-0.369642,DOWN,1147.199951,-1.384002,DOWN,1085.699951,-6.670686,DOWN,20,"After CPI changed by 0.276792% on 2015-06-01, gold moved -6.670686% over 20 trading days (DOWN).",0.39,0.18,21.0,low_yield_regime,yields_rising,97.389999,95.300003,2.089996,normal_dxy_regime,dxy_rising,1.55,1.72,-0.17,normal_breakeven_regime,breakeven_falling
CPI_GOLD_2015-07-01,cpi_gold_v1,CPI,2015-07-01,2015-08-12,first_gold_session_on_or_after_release_timestamp,1123.199951,2015-08-12T08:30:00,C:\AurumAI\AurumAI\data\economic\CPIAUCSL.csv,04337a0b5f9995141bebfbea75d955e55b4b6649365000ac1a9d3776ce25577e,238.034,237.657,0.158632,inflation_pressure_up,CONTRACTION,1115.699951,-0.667735,DOWN,1128.099976,0.436256,UP,1109.5,-1.219725,DOWN,20,"After CPI changed by 0.158632% on 2015-07-01, gold moved -1.219725% over 20 trading days (DOWN).",0.54,0.39,15.0,low_yield_regime,yields_rising,96.309998,97.389999,-1.080002,normal_dxy_regime,dxy_falling,1.6,1.55,0.05,normal_breakeven_regime,breakeven_flat
CPI_GOLD_2015-08-01,cpi_gold_v1,CPI,2015-08-01,2015-09-09,first_gold_session_on_or_after_release_timestamp,1102.199951,2015-09-09T08:30:00,C:\AurumAI\AurumAI\data\economic\CPIAUCSL.csv,04337a0b5f9995141bebfbea75d955e55b4b6649365000ac1a9d3776ce25577e,238.033,238.034,-0.00042,inflation_pressure_down,CONTRACTION,1109.5,0.662316,UP,1119.199951,1.54237,UP,1149.0,4.246058,UP,20,"After CPI changed by -0.00042% on 2015-08-01, gold moved 4.246058% over 20 trading days (UP).",0.46,0.49,-3.0,low_yield_regime,yields_flat,97.370003,96.110001,1.260002,normal_dxy_regime,dxy_rising,1.36,1.62,-0.26,low_breakeven_regime,breakeven_falling
CPI_GOLD_2015-09-01,cpi_gold_v1,CPI,2015-09-01,2015-10-14,first_gold_session_on_or_after_release_timestamp,1180.099976,2015-10-14T08:30:00,C:\AurumAI\AurumAI\data\economic\CPIAUCSL.csv,04337a0b5f9995141bebfbea75d955e55b4b6649365000ac1a9d3776ce25577e,237.498,238.033,-0.224759,inflation_pressure_down,CONTRACTION,1187.900024,0.660965,UP,1167.599976,-1.059232,DOWN,1084.699951,-8.084063,DOWN,20,"After CPI changed by -0.224759% on 2015-09-01, gold moved -8.084063% over 20 trading days (DOWN).",0.6,0.46,14.0,low_yield_regime,yields_rising,95.449997,97.370003,-1.920006,normal_dxy_regime,dxy_falling,1.18,1.36,-0.18,low_breakeven_regime,breakeven_falling
CPI_GOLD_2015-10-01,cpi_gold_v1,CPI,2015-10-01,2015-11-11,first_gold_session_on_or_after_release_timestamp,1084.699951,2015-11-11T08:30:00,C:\AurumAI\AurumAI\data\economic\CPIAUCSL.csv,04337a0b5f9995141bebfbea75d955e55b4b6649365000ac1a9d3776ce25577e,237.733,237.498,0.098948,inflation_pressure_up,CONTRACTION,1080.800049,-0.359537,DOWN,1068.800049,-1.465834,DOWN,1073.099976,-1.069418,DOWN,5,"After CPI changed by 0.098948% on 2015-10-01, gold moved -1.465834% over 5 trading days (DOWN).",0.59,0.6,-1.0,low_yield_regime,yields_flat,96.190002,95.449997,0.740005,normal_dxy_regime,dxy_flat,1.13,1.18,-0.05,low_breakeven_regime,breakeven_flat
CPI_GOLD_2015-11-01,cpi_gold_v1,CPI,2015-11-01,2015-12-09,first_gold_session_on_or_after_release_timestamp,1077.599976,2015-12-09T08:30:00,C:\AurumAI\AurumAI\data\economic\CPIAUCSL.csv,04337a0b5f9995141bebfbea75d955e55b4b6649365000ac1a9d3776ce25577e,238.017,237.733,0.119462,inflation_pressure_up,CONTRACTION,1073.099976,-0.417595,DOWN,1078.0,0.037122,FLAT,1097.800049,1.874543,UP,20,"After CPI changed by 0.119462% on 2015-11-01, gold moved 1.874543% over 20 trading days (UP).",0.63,0.51,12.0,low_yield_regime,yields_rising,96.949997,95.830002,1.119995,normal_dxy_regime,dxy_rising,1.2,1.15,0.05,low_breakeven_regime,breakeven_flat
CPI_GOLD_2015-12-01,cpi_gold_v1,CPI,2015-12-01,2016-01-13,first_gold_session_on_or_after_release_timestamp,1087.5,2016-01-13T08:30:00,C:\AurumAI\AurumAI\data\economic\CPIAUCSL.csv,04337a0b5f9995141bebfbea75d955e55b4b6649365000ac1a9d3776ce25577e,237.761,238.017,-0.107555,inflation_pressure_down,CONTRACTION,1073.900024,-1.250572,DOWN,1099.099976,1.066664,UP,1247.900024,14.749428,UP,20,"After CPI changed by -0.107555% on 2015-12-01, gold moved 14.749428% over 20 trading days (UP).",0.58,0.63,-5.0,low_yield_regime,yields_flat,99.800003,96.949997,2.850006,normal_dxy_regime,dxy_rising,1.29,1.2,0.09,low_breakeven_regime,breakeven_flat
CPI_GOLD_2016-01-01,cpi_gold_v1,CPI,2016-01-01,2016-02-10,first_gold_session_on_or_after_release_timestamp,1194.699951,2016-02-10T08:30:00,C:\AurumAI\AurumAI\data\economic\CPIAUCSL.csv,04337a0b5f9995141bebfbea75d955e55b4b6649365000ac1a9d3776ce25577e,237.652,237.761,-0.045844,inflation_pressure_down,CONTRACTION,1247.900024,4.453007,UP,1226.099976,2.628277,UP,1272.0,6.470248,UP,20,"After CPI changed by -0.045844% on 2016-01-01, gold moved 6.470248% over 20 trading days (UP).",0.73,0.62,11.0,low_yield_regime,yields_rising,98.629997,99.989998,-1.360001,normal_dxy_regime,dxy_falling,1.31,1.27,0.04,low_breakeven_regime,breakeven_flat
CPI_GOLD_2016-02-01,cpi_gold_v1,CPI,2016-02-01,2016-03-09,first_gold_session_on_or_after_release_timestamp,1256.599976,2016-03-09T08:30:00,C:\AurumAI\AurumAI\data\economic\CPIAUCSL.csv,04337a0b5f9995141bebfbea75d955e55b4b6649365000ac1a9d3776ce25577e,237.336,237.652,-0.132968,inflation_pressure_down,CONTRACTION,1272.0,1.225531,UP,1229.300049,-2.172523,DOWN,1236.199951,-1.62343,DOWN,5,"After CPI changed by -0.132968% on 2016-02-01, gold moved -2.172523% over 5 trading days (DOWN).",0.57,0.73,-16.0,low_yield_regime,yields_falling,99.0,98.629997,0.370003,normal_dxy_regime,dxy_flat,1.2,1.31,-0.11,low_breakeven_regime,breakeven_falling
CPI_GOLD_2016-03-01,cpi_gold_v1,CPI,2016-03-01,2016-04-13,first_gold_session_on_or_after_release_timestamp,1246.800049,2016-04-13T08:30:00,C:\AurumAI\AurumAI\data\economic\CPIAUCSL.csv,04337a0b5f9995141bebfbea75d955e55b4b6649365000ac1a9d3776ce25577e,238.08,237.336,0.31348,inflation_pressure_up,CONTRACTION,1225.0,-1.74848,DOWN,1253.199951,0.513306,UP,1274.599976,2.229702,UP,20,"After CPI changed by 0.31348% on 2016-03-01, gold moved 2.229702% over 20 trading days (UP).",0.35,0.53,-18.0,low_yield_regime,yields_falling,98.349998,99.610001,-1.260002,normal_dxy_regime,dxy_falling,1.29,1.19,0.1,low_breakeven_regime,breakeven_flat
CPI_GOLD_2016-04-01,cpi_gold_v1,CPI,2016-04-01,2016-05-11,first_gold_session_on_or_after_release_timestamp,1274.599976,2016-05-11T08:30:00,C:\AurumAI\AurumAI\data\economic\CPIAUCSL.csv,04337a0b5f9995141bebfbea75d955e55b4b6649365000ac1a9d3776ce25577e,238.992,238.08,0.383065,inflation_pressure_up,CONTRACTION,1270.300049,-0.337355,DOWN,1273.699951,-0.070612,FLAT,1270.199951,-0.345208,DOWN,20,"After CPI changed by 0.383065% on 2016-04-01, gold moved -0.345208% over 20 trading days (DOWN).",0.17,0.33,-16.0,low_yield_regime,yields_falling,94.620003,98.209999,-3.589996,low_dxy_regime,dxy_falling,1.49,1.34,0.15,low_breakeven_regime,breakeven_rising
CPI_GOLD_2016-05-01,cpi_gold_v1,CPI,2016-05-01,2016-06-08,first_gold_session_on_or_after_release_timestamp,1259.800049,2016-06-08T08:30:00,C:\AurumAI\AurumAI\data\economic\CPIAUCSL.csv,04337a0b5f9995141bebfbea75d955e55b4b6649365000ac1a9d3776ce25577e,239.557,238.992,0.23641,inflation_pressure_up,CONTRACTION,1270.199951,0.82552,UP,1285.800049,2.06382,UP,1360.099976,7.961575,UP,20,"After CPI changed by 0.23641% on 2016-05-01, gold moved 7.961575% over 20 trading days (UP).",0.12,0.17,-5.0,low_yield_regime,yields_flat,93.080002,94.620003,-1.540001,low_dxy_regime,dxy_falling,1.6,1.49,0.11,normal_breakeven_regime,breakeven_rising
CPI_GOLD_2016-06-01,cpi_gold_v1,CPI,2016-06-01,2016-07-13,first_gold_session_on_or_after_release_timestamp,1342.400024,2016-07-13T08:30:00,C:\AurumAI\AurumAI\data\economic\CPIAUCSL.csv,04337a0b5f9995141bebfbea75d955e55b4b6649365000ac1a9d3776ce25577e,240.222,239.557,0.277596,inflation_pressure_up,CONTRACTION,1331.300049,-0.826875,DOWN,1318.800049,-1.758043,DOWN,1344.300049,0.141539,UP,5,"After CPI changed by 0.277596% on 2016-06-01, gold moved -1.758043% over 5 trading days (DOWN).",0.31,0.2,11.0,low_yield_regime,yields_rising,95.459999,92.629997,2.830002,normal_dxy_regime,dxy_rising,1.47,1.58,-0.11,low_breakeven_regime,breakeven_falling
CPI_GOLD_2016-07-01,cpi_gold_v1,CPI,2016-07-01,2016-08-10,first_gold_session_on_or_after_release_timestamp,1344.300049,2016-08-10T08:30:00,C:\AurumAI\AurumAI\data\economic\CPIAUCSL.csv,04337a0b5f9995141bebfbea75d955e55b4b6649365000ac1a9d3776ce25577e,240.101,240.222,-0.05037,inflation_pressure_down,CONTRACTION,1342.5,-0.133902,DOWN,1342.699951,-0.119028,DOWN,1336.800049,-0.557911,DOWN,20,"After CPI changed by -0.05037% on 2016-07-01, gold moved -0.557911% over 20 trading days (DOWN).",0.03,0.31,-28.0,low_yield_regime,yields_falling,95.650002,95.459999,0.190002,normal_dxy_regime,dxy_flat,1.43,1.47,-0.04,low_breakeven_regime,breakeven_flat
CPI_GOLD_2016-08-01,cpi_gold_v1,CPI,2016-08-01,2016-09-14,first_gold_session_on_or_after_release_timestamp,1321.5,2016-09-14T08:30:00,C:\AurumAI\AurumAI\data\economic\CPIAUCSL.csv,04337a0b5f9995141bebfbea75d955e55b4b6649365000ac1a9d3776ce25577e,240.545,240.101,0.184922,inflation_pressure_up,CONTRACTION,1313.5,-0.605373,DOWN,1326.900024,0.408628,UP,1255.0,-5.03216,DOWN,20,"After CPI changed by 0.184922% on 2016-08-01, gold moved -5.03216% over 20 trading days (DOWN).",0.05,0.03,2.0,low_yield_regime,yields_flat,95.709999,95.650002,0.059998,normal_dxy_regime,dxy_flat,1.27,1.43,-0.16,low_breakeven_regime,breakeven_falling
CPI_GOLD_2016-09-01,cpi_gold_v1,CPI,2016-09-01,2016-10-12,first_gold_session_on_or_after_release_timestamp,1251.099976,2016-10-12T08:30:00,C:\AurumAI\AurumAI\data\economic\CPIAUCSL.csv,04337a0b5f9995141bebfbea75d955e55b4b6649365000ac1a9d3776ce25577e,241.176,240.545,0.262321,inflation_pressure_up,CONTRACTION,1255.0,0.311728,UP,1267.900024,1.342822,UP,1272.599976,1.718488,UP,20,"After CPI changed by 0.262321% on 2016-09-01, gold moved 1.718488% over 20 trading days (UP).",0.12,0.11,1.0,low_yield_regime,yields_flat,95.650002,95.059998,0.590004,normal_dxy_regime,dxy_flat,1.24,1.25,-0.01,low_breakeven_regime,breakeven_flat
CPI_GOLD_2016-10-01,cpi_gold_v1,CPI,2016-10-01,2016-11-09,first_gold_session_on_or_after_release_timestamp,1272.599976,2016-11-09T08:30:00,C:\AurumAI\AurumAI\data\economic\CPIAUCSL.csv,04337a0b5f9995141bebfbea75d955e55b4b6649365000ac1a9d3776ce25577e,241.741,241.176,0.234269,inflation_pressure_up,LATE_CYCLE,1265.5,-0.557911,DOWN,1216.5,-4.408296,DOWN,1159.400024,-8.895172,DOWN,20,"After CPI changed by 0.234269% on 2016-10-01, gold moved -8.895172% over 20 trading days (DOWN).",0.0,0.12,-12.0,low_yield_regime,yields_falling,95.459999,95.650002,-0.190002,normal_dxy_regime,dxy_flat,1.45,1.24,0.21,low_breakeven_regime,breakeven_rising
CPI_GOLD_2016-11-01,cpi_gold_v1,CPI,2016-11-01,2016-12-14,first_gold_session_on_or_after_release_timestamp,1161.300049,2016-12-14T08:30:00,C:\AurumAI\AurumAI\data\economic\CPIAUCSL.csv,04337a0b5f9995141bebfbea75d955e55b4b6649365000ac1a9d3776ce25577e,242.026,241.741,0.117895,inflation_pressure_up,LATE_CYCLE,1127.800049,-2.884698,DOWN,1131.099976,-2.60054,DOWN,1195.300049,2.927753,UP,20,"After CPI changed by 0.117895% on 2016-11-01, gold moved 2.927753% over 20 trading days (UP).",0.11,0.0,11.0,low_yield_regime,yields_rising,97.699997,95.459999,2.239998,normal_dxy_regime,dxy_rising,1.59,1.45,0.14,normal_breakeven_regime,breakeven_rising
CPI_GOLD_2016-12-01,cpi_gold_v1,CPI,2016-12-01,2017-01-11,first_gold_session_on_or_after_release_timestamp,1195.599976,2017-01-11T08:30:00,C:\AurumAI\AurumAI\data\economic\CPIAUCSL.csv,04337a0b5f9995141bebfbea75d955e55b4b6649365000ac1a9d3776ce25577e,242.637,242.026,0.252452,inflation_pressure_up,LATE_CYCLE,1198.900024,0.276016,UP,1200.900024,0.443296,UP,1235.099976,3.303781,UP,20,"After CPI changed by 0.252452% on 2016-12-01, gold moved 3.303781% over 20 trading days (UP).",0.48,0.11,37.0,low_yield_regime,yields_rising,101.040001,97.699997,3.340004,normal_dxy_regime,dxy_rising,1.81,1.59,0.22,normal_breakeven_regime,breakeven_rising
CPI_GOLD_2017-01-01,cpi_gold_v1,CPI,2017-01-01,2017-02-08,first_gold_session_on_or_after_release_timestamp,1237.599976,2017-02-08T08:30:00,C:\AurumAI\AurumAI\data\economic\CPIAUCSL.csv,04337a0b5f9995141bebfbea75d955e55b4b6649365000ac1a9d3776ce25577e,243.618,242.637,0.404308,inflation_pressure_up,LATE_CYCLE,1235.099976,-0.202004,DOWN,1231.699951,-0.476731,DOWN,1202.400024,-2.844211,DOWN,20,"After CPI changed by 0.404308% on 2017-01-01, gold moved -2.844211% over 20 trading days (DOWN).",0.5,0.49,1.0,low_yield_regime,yields_flat,102.389999,100.769997,1.620003,normal_dxy_regime,dxy_rising,1.84,1.76,0.08,normal_breakeven_regime,breakeven_flat
CPI_GOLD_2017-02-01,cpi_gold_v1,CPI,2017-02-01,2017-03-08,first_gold_session_on_or_after_release_timestamp,1208.5,2017-03-08T08:30:00,C:\AurumAI\AurumAI\data\economic\CPIAUCSL.csv,04337a0b5f9995141bebfbea75d955e55b4b6649365000ac1a9d3776ce25577e,244.006,243.618,0.159266,inflation_pressure_up,LATE_CYCLE,1202.400024,-0.504756,DOWN,1200.099976,-0.695079,DOWN,1245.400024,3.053374,UP,20,"After CPI changed by 0.159266% on 2017-02-01, gold moved 3.053374% over 20 trading days (UP).",0.43,0.5,-7.0,low_yield_regime,yields_flat,99.639999,102.389999,-2.75,normal_dxy_regime,dxy_falling,1.92,1.84,0.08,normal_breakeven_regime,breakeven_flat
CPI_GOLD_2017-03-01,cpi_gold_v1,CPI,2017-03-01,2017-04-12,first_gold_session_on_or_after_release_timestamp,1275.300049,2017-04-12T08:30:00,C:\AurumAI\AurumAI\data\economic\CPIAUCSL.csv,04337a0b5f9995141bebfbea75d955e55b4b6649365000ac1a9d3776ce25577e,243.892,244.006,-0.04672,inflation_pressure_down,LATE_CYCLE,1285.900024,0.831175,UP,1281.900024,0.517523,UP,1222.699951,-4.124527,DOWN,20,"After CPI changed by -0.04672% on 2017-03-01, gold moved -4.124527% over 20 trading days (DOWN).",0.43,0.42,1.0,low_yield_regime,yields_flat,101.779999,100.43,1.349998,normal_dxy_regime,dxy_rising,1.84,1.95,-0.11,normal_breakeven_regime,breakeven_falling
CPI_GOLD_2017-04-01,cpi_gold_v1,CPI,2017-04-01,2017-05-10,first_gold_session_on_or_after_release_timestamp,1217.300049,2017-05-10T08:30:00,C:\AurumAI\AurumAI\data\economic\CPIAUCSL.csv,04337a0b5f9995141bebfbea75d955e55b4b6649365000ac1a9d3776ce25577e,244.193,243.892,0.123415,inflation_pressure_up,LATE_CYCLE,1222.699951,0.443597,UP,1257.5,3.302386,UP,1276.300049,4.846792,UP,20,"After CPI changed by 0.123415% on 2017-04-01, gold moved 4.846792% over 20 trading days (UP).",0.43,0.48,-5.0,low_yield_regime,yields_flat,100.349998,102.199997,-1.849998,normal_dxy_regime,dxy_falling,1.77,1.84,-0.07,normal_breakeven_regime,breakeven_flat
CPI_GOLD_2017-05-01,cpi_gold_v1,CPI,2017-05-01,2017-06-14,first_gold_session_on_or_after_release_timestamp,1272.800049,2017-06-14T08:30:00,C:\AurumAI\AurumAI\data\economic\CPIAUCSL.csv,04337a0b5f9995141bebfbea75d955e55b4b6649365000ac1a9d3776ce25577e,244.004,244.193,-0.077398,inflation_pressure_down,LATE_CYCLE,1252.199951,-1.618487,DOWN,1243.400024,-2.30987,DOWN,1216.300049,-4.439032,DOWN,20,"After CPI changed by -0.077398% on 2017-05-01, gold moved -4.439032% over 20 trading days (DOWN).",0.41,0.43,-2.0,low_yield_regime,yields_flat,99.139999,100.349998,-1.209999,normal_dxy_regime,dxy_falling,1.8,1.77,0.03,normal_breakeven_regime,breakeven_flat
CPI_GOLD_2017-06-01,cpi_gold_v1,CPI,2017-06-01,2017-07-12,first_gold_session_on_or_after_release_timestamp,1218.099976,2017-07-12T08:30:00,C:\AurumAI\AurumAI\data\economic\CPIAUCSL.csv,04337a0b5f9995141bebfbea75d955e55b4b6649365000ac1a9d3776ce25577e,244.163,244.004,0.065163,inflation_pressure_up,LATE_CYCLE,1216.300049,-0.147765,DOWN,1241.199951,1.896394,UP,1273.0,4.507021,UP,20,"After CPI changed by 0.065163% on 2017-06-01, gold moved 4.507021% over 20 trading days (UP).",0.4,0.41,-1.0,low_yield_regime,yields_flat,97.199997,98.980003,-1.780006,normal_dxy_regime,dxy_falling,1.73,1.77,-0.04,normal_breakeven_regime,breakeven_flat
CPI_GOLD_2017-07-01,cpi_gold_v1,CPI,2017-07-01,2017-08-09,first_gold_session_on_or_after_release_timestamp,1273.0,2017-08-09T08:30:00,C:\AurumAI\AurumAI\data\economic\CPIAUCSL.csv,04337a0b5f9995141bebfbea75d955e55b4b6649365000ac1a9d3776ce25577e,244.243,244.163,0.032765,inflation_pressure_up,LATE_CYCLE,1283.699951,0.84053,UP,1276.900024,0.306365,UP,1345.099976,5.663784,UP,20,"After CPI changed by 0.032765% on 2017-07-01, gold moved 5.663784% over 20 trading days (UP).",0.58,0.4,18.0,low_yield_regime,yields_rising,95.660004,97.199997,-1.539993,normal_dxy_regime,dxy_falling,1.63,1.73,-0.1,normal_breakeven_regime,breakeven_flat
CPI_GOLD_2017-08-01,cpi_gold_v1,CPI,2017-08-01,2017-09-13,first_gold_session_on_or_after_release_timestamp,1323.400024,2017-09-13T08:30:00,C:\AurumAI\AurumAI\data\economic\CPIAUCSL.csv,04337a0b5f9995141bebfbea75d955e55b4b6649365000ac1a9d3776ce25577e,245.183,244.243,0.384863,inflation_pressure_up,LATE_CYCLE,1324.699951,0.098226,FLAT,1312.0,-0.861419,DOWN,1285.800049,-2.841165,DOWN,20,"After CPI changed by 0.384863% on 2017-08-01, gold moved -2.841165% over 20 trading days (DOWN).",0.47,0.58,-11.0,low_yield_regime,yields_falling,93.029999,95.660004,-2.630005,low_dxy_regime,dxy_falling,1.62,1.63,-0.01,normal_breakeven_regime,breakeven_flat
CPI_GOLD_2017-09-01,cpi_gold_v1,CPI,2017-09-01,2017-10-11,first_gold_session_on_or_after_release_timestamp,1285.800049,2017-10-11T08:30:00,C:\AurumAI\AurumAI\data\economic\CPIAUCSL.csv,04337a0b5f9995141bebfbea75d955e55b4b6649365000ac1a9d3776ce25577e,246.435,245.183,0.510639,inflation_pressure_up,LATE_CYCLE,1293.300049,0.583294,UP,1279.900024,-0.45886,DOWN,1281.599976,-0.326651,DOWN,1,"After CPI changed by 0.510639% on 2017-09-01, gold moved 0.583294% over 1 trading days (UP).",0.37,0.48,-11.0,low_yield_regime,yields_falling,92.809998,92.830002,-0.020004,low_dxy_regime,dxy_flat,1.63,1.63,0.0,normal_breakeven_regime,breakeven_flat
CPI_GOLD_2017-10-01,cpi_gold_v1,CPI,2017-10-01,2017-11-08,first_gold_session_on_or_after_release_timestamp,1281.599976,2017-11-08T08:30:00,C:\AurumAI\AurumAI\data\economic\CPIAUCSL.csv,04337a0b5f9995141bebfbea75d955e55b4b6649365000ac1a9d3776ce25577e,246.626,246.435,0.077505,inflation_pressure_up,LATE_CYCLE,1285.599976,0.31211,UP,1276.5,-0.397938,DOWN,1249.800049,-2.481268,DOWN,20,"After CPI changed by 0.077505% on 2017-10-01, gold moved -2.481268% over 20 trading days (DOWN).",0.49,0.37,12.0,low_yield_regime,yields_rising,93.080002,92.809998,0.270004,low_dxy_regime,dxy_flat,1.68,1.63,0.05,normal_breakeven_regime,breakeven_flat
CPI_GOLD_2017-11-01,cpi_gold_v1,CPI,2017-11-01,2017-12-13,first_gold_session_on_or_after_release_timestamp,1245.400024,2017-12-13T08:30:00,C:\AurumAI\AurumAI\data\economic\CPIAUCSL.csv,04337a0b5f9995141bebfbea75d955e55b4b6649365000ac1a9d3776ce25577e,247.284,246.626,0.266801,inflation_pressure_up,LATE_CYCLE,1253.800049,0.674484,UP,1266.099976,1.662113,UP,1333.400024,7.066003,UP,20,"After CPI changed by 0.266801% on 2017-11-01, gold moved 7.066003% over 20 trading days (UP).",0.49,0.51,-2.0,low_yield_regime,yields_flat,94.82,93.559998,1.260002,low_dxy_regime,dxy_rising,1.71,1.73,-0.02,normal_breakeven_regime,breakeven_flat
CPI_GOLD_2017-12-01,cpi_gold_v1,CPI,2017-12-01,2018-01-10,first_gold_session_on_or_after_release_timestamp,1317.400024,2018-01-10T08:30:00,C:\AurumAI\AurumAI\data\economic\CPIAUCSL.csv,04337a0b5f9995141bebfbea75d955e55b4b6649365000ac1a9d3776ce25577e,247.805,247.284,0.210689,inflation_pressure_up,LATE_CYCLE,1320.599976,0.242899,UP,1326.0,0.652799,UP,1313.099976,-0.326404,DOWN,5,"After CPI changed by 0.210689% on 2017-12-01, gold moved 0.652799% over 5 trading days (UP).",0.51,0.49,2.0,low_yield_regime,yields_flat,92.900002,94.82,-1.919998,low_dxy_regime,dxy_falling,1.72,1.71,0.01,normal_breakeven_regime,breakeven_flat
CPI_GOLD_2018-01-01,cpi_gold_v1,CPI,2018-01-01,2018-02-14,first_gold_session_on_or_after_release_timestamp,1355.5,2018-02-14T08:30:00,C:\AurumAI\AurumAI\data\economic\CPIAUCSL.csv,04337a0b5f9995141bebfbea75d955e55b4b6649365000ac1a9d3776ce25577e,248.859,247.805,0.425334,inflation_pressure_up,LATE_CYCLE,1352.099976,-0.250832,DOWN,1330.599976,-1.836962,DOWN,1316.800049,-2.855031,DOWN,20,"After CPI changed by 0.425334% on 2018-01-01, gold moved -2.855031% over 20 trading days (DOWN).",0.44,0.51,-7.0,low_yield_regime,yields_flat,92.120003,92.900002,-0.779999,low_dxy_regime,dxy_flat,1.86,1.72,0.14,normal_breakeven_regime,breakeven_rising
CPI_GOLD_2018-02-01,cpi_gold_v1,CPI,2018-02-01,2018-03-14,first_gold_session_on_or_after_release_timestamp,1324.400024,2018-03-14T08:30:00,C:\AurumAI\AurumAI\data\economic\CPIAUCSL.csv,04337a0b5f9995141bebfbea75d955e55b4b6649365000ac1a9d3776ce25577e,249.529,248.859,0.269229,inflation_pressure_up,LATE_CYCLE,1316.800049,-0.573843,DOWN,1320.699951,-0.279377,DOWN,1338.400024,1.057082,UP,20,"After CPI changed by 0.269229% on 2018-02-01, gold moved 1.057082% over 20 trading days (UP).",0.67,0.46,21.0,low_yield_regime,yields_rising,88.669998,91.849998,-3.18,low_dxy_regime,dxy_falling,1.93,1.9,0.03,normal_breakeven_regime,breakeven_flat
CPI_GOLD_2018-03-01,cpi_gold_v1,CPI,2018-03-01,2018-04-11,first_gold_session_on_or_after_release_timestamp,1356.5,2018-04-11T08:30:00,C:\AurumAI\AurumAI\data\economic\CPIAUCSL.csv,04337a0b5f9995141bebfbea75d955e55b4b6649365000ac1a9d3776ce25577e,249.577,249.529,0.019236,inflation_pressure_up,LATE_CYCLE,1338.400024,-1.334314,DOWN,1351.199951,-0.390715,DOWN,1311.300049,-3.332101,DOWN,20,"After CPI changed by 0.019236% on 2018-03-01, gold moved -3.332101% over 20 trading days (DOWN).",0.71,0.63,8.0,low_yield_regime,yields_flat,90.32,89.190002,1.129997,low_dxy_regime,dxy_rising,2.03,1.97,0.06,normal_breakeven_regime,breakeven_flat
CPI_GOLD_2018-04-01,cpi_gold_v1,CPI,2018-04-01,2018-05-09,first_gold_session_on_or_after_release_timestamp,1311.300049,2018-05-09T08:30:00,C:\AurumAI\AurumAI\data\economic\CPIAUCSL.csv,04337a0b5f9995141bebfbea75d955e55b4b6649365000ac1a9d3776ce25577e,250.227,249.577,0.260441,inflation_pressure_up,LATE_CYCLE,1320.800049,0.724472,UP,1290.199951,-1.609098,DOWN,1298.699951,-0.960886,DOWN,5,"After CPI changed by 0.260441% on 2018-04-01, gold moved -1.609098% over 5 trading days (DOWN).",0.69,0.74,-5.0,low_yield_regime,yields_flat,90.150002,89.940002,0.209999,low_dxy_regime,dxy_flat,1.92,2.03,-0.11,normal_breakeven_regime,breakeven_falling
CPI_GOLD_2018-05-01,cpi_gold_v1,CPI,2018-05-01,2018-06-13,first_gold_session_on_or_after_release_timestamp,1296.900024,2018-06-13T08:30:00,C:\AurumAI\AurumAI\data\economic\CPIAUCSL.csv,04337a0b5f9995141bebfbea75d955e55b4b6649365000ac1a9d3776ce25577e,250.792,250.227,0.225795,inflation_pressure_up,LATE_CYCLE,1304.0,0.547457,UP,1271.199951,-1.981654,DOWN,1245.0,-4.001852,DOWN,20,"After CPI changed by 0.225795% on 2018-05-01, gold moved -4.001852% over 20 trading days (DOWN).",0.81,0.69,12.0,low_yield_regime,yields_rising,92.449997,90.150002,2.299995,low_dxy_regime,dxy_rising,2.09,1.92,0.17,normal_breakeven_regime,breakeven_rising
CPI_GOLD_2018-06-01,cpi_gold_v1,CPI,2018-06-01,2018-07-11,first_gold_session_on_or_after_release_timestamp,1242.800049,2018-07-11T08:30:00,C:\AurumAI\AurumAI\data\economic\CPIAUCSL.csv,04337a0b5f9995141bebfbea75d955e55b4b6649365000ac1a9d3776ce25577e,251.018,250.792,0.090115,inflation_pressure_up,LATE_CYCLE,1245.0,0.177016,UP,1226.300049,-1.327647,DOWN,1212.599976,-2.430003,DOWN,20,"After CPI changed by 0.090115% on 2018-06-01, gold moved -2.430003% over 20 trading days (DOWN).",0.8,0.8,0.0,low_yield_regime,yields_flat,94.190002,92.510002,1.68,low_dxy_regime,dxy_rising,2.06,2.09,-0.03,normal_breakeven_regime,breakeven_flat
CPI_GOLD_2018-07-01,cpi_gold_v1,CPI,2018-07-01,2018-08-08,first_gold_session_on_or_after_release_timestamp,1212.599976,2018-08-08T08:30:00,C:\AurumAI\AurumAI\data\economic\CPIAUCSL.csv,04337a0b5f9995141bebfbea75d955e55b4b6649365000ac1a9d3776ce25577e,251.214,251.018,0.078082,inflation_pressure_up,LATE_CYCLE,1211.900024,-0.057723,FLAT,1177.5,-2.894605,DOWN,1197.900024,-1.212267,DOWN,5,"After CPI changed by 0.078082% on 2018-07-01, gold moved -2.894605% over 5 trading days (DOWN).",0.74,0.8,-6.0,low_yield_regime,yields_flat,94.629997,94.190002,0.439995,low_dxy_regime,dxy_flat,2.06,2.06,0.0,normal_breakeven_regime,breakeven_flat
CPI_GOLD_2018-08-01,cpi_gold_v1,CPI,2018-08-01,2018-09-12,first_gold_session_on_or_after_release_timestamp,1204.699951,2018-09-12T08:30:00,C:\AurumAI\AurumAI\data\economic\CPIAUCSL.csv,04337a0b5f9995141bebfbea75d955e55b4b6649365000ac1a9d3776ce25577e,251.663,251.214,0.178732,inflation_pressure_up,LATE_CYCLE,1202.0,-0.224118,DOWN,1202.199951,-0.207521,DOWN,1189.300049,-1.278318,DOWN,20,"After CPI changed by 0.178732% on 2018-08-01, gold moved -1.278318% over 20 trading days (DOWN).",0.87,0.73,14.0,low_yield_regime,yields_rising,94.620003,94.870003,-0.25,low_dxy_regime,dxy_flat,2.0,2.07,-0.07,normal_breakeven_regime,breakeven_flat
CPI_GOLD_2018-09-01,cpi_gold_v1,CPI,2018-09-01,2018-10-10,first_gold_session_on_or_after_release_timestamp,1189.300049,2018-10-10T08:30:00,C:\AurumAI\AurumAI\data\economic\CPIAUCSL.csv,04337a0b5f9995141bebfbea75d955e55b4b6649365000ac1a9d3776ce25577e,252.182,251.663,0.206228,inflation_pressure_up,LATE_CYCLE,1223.5,2.875637,UP,1223.699951,2.892449,UP,1226.199951,3.102657,UP,20,"After CPI changed by 0.206228% on 2018-09-01, gold moved 3.102657% over 20 trading days (UP).",0.78,0.86,-8.0,low_yield_regime,yields_flat,95.139999,95.169998,-0.029999,normal_dxy_regime,dxy_flat,1.98,1.99,-0.01,normal_breakeven_regime,breakeven_flat
CPI_GOLD_2018-10-01,cpi_gold_v1,CPI,2018-10-01,2018-11-14,first_gold_session_on_or_after_release_timestamp,1207.900024,2018-11-14T08:30:00,C:\AurumAI\AurumAI\data\economic\CPIAUCSL.csv,04337a0b5f9995141bebfbea75d955e55b4b6649365000ac1a9d3776ce25577e,252.772,252.182,0.233958,inflation_pressure_up,LATE_CYCLE,1212.800049,0.405665,UP,1225.800049,1.481913,UP,1237.0,2.409138,UP,20,"After CPI changed by 0.233958% on 2018-10-01, gold moved 2.409138% over 20 trading days (UP).",0.95,0.78,17.0,low_yield_regime,yields_rising,95.300003,95.139999,0.160004,normal_dxy_regime,dxy_flat,2.04,1.98,0.06,normal_breakeven_regime,breakeven_flat
CPI_GOLD_2018-11-01,cpi_gold_v1,CPI,2018-11-01,2018-12-12,first_gold_session_on_or_after_release_timestamp,1244.400024,2018-12-12T08:30:00,C:\AurumAI\AurumAI\data\economic\CPIAUCSL.csv,04337a0b5f9995141bebfbea75d955e55b4b6649365000ac1a9d3776ce25577e,252.594,252.772,-0.070419,inflation_pressure_down,LATE_CYCLE,1242.699951,-0.136618,DOWN,1252.099976,0.618768,UP,1287.099976,3.431369,UP,20,"After CPI changed by -0.070419% on 2018-11-01, gold moved 3.431369% over 20 trading days (UP).",1.12,0.93,19.0,low_yield_regime,yields_rising,96.279999,95.510002,0.769997,normal_dxy_regime,dxy_flat,1.88,2.03,-0.15,normal_breakeven_regime,breakeven_falling
CPI_GOLD_2018-12-01,cpi_gold_v1,CPI,2018-12-01,2019-01-09,first_gold_session_on_or_after_release_timestamp,1289.300049,2019-01-09T08:30:00,C:\AurumAI\AurumAI\data\economic\CPIAUCSL.csv,04337a0b5f9995141bebfbea75d955e55b4b6649365000ac1a9d3776ce25577e,252.767,252.594,0.068489,inflation_pressure_up,LATE_CYCLE,1284.699951,-0.35679,DOWN,1291.599976,0.178386,UP,1309.400024,1.558984,UP,20,"After CPI changed by 0.068489% on 2018-12-01, gold moved 1.558984% over 20 trading days (UP).",1.04,1.12,-8.0,low_yield_regime,yields_flat,97.269997,96.279999,0.989998,normal_dxy_regime,dxy_flat,1.77,1.88,-0.11,normal_breakeven_regime,breakeven_falling
CPI_GOLD_2019-01-01,cpi_gold_v1,CPI,2019-01-01,2019-02-13,first_gold_session_on_or_after_release_timestamp,1310.800049,2019-02-13T08:30:00,C:\AurumAI\AurumAI\data\economic\CPIAUCSL.csv,04337a0b5f9995141bebfbea75d955e55b4b6649365000ac1a9d3776ce25577e,252.561,252.767,-0.081498,inflation_pressure_down,LATE_CYCLE,1309.800049,-0.076289,FLAT,1323.5,0.96887,UP,1293.400024,-1.327435,DOWN,20,"After CPI changed by -0.081498% on 2019-01-01, gold moved -1.327435% over 20 trading days (DOWN).",0.98,1.04,-6.0,low_yield_regime,yields_flat,96.169998,97.269997,-1.099998,normal_dxy_regime,dxy_falling,1.51,1.77,-0.26,normal_breakeven_regime,breakeven_falling
CPI_GOLD_2019-02-01,cpi_gold_v1,CPI,2019-02-01,2019-03-13,first_gold_session_on_or_after_release_timestamp,1307.5,2019-03-13T08:30:00,C:\AurumAI\AurumAI\data\economic\CPIAUCSL.csv,04337a0b5f9995141bebfbea75d955e55b4b6649365000ac1a9d3776ce25577e,253.319,252.561,0.300126,inflation_pressure_up,LATE_CYCLE,1293.400024,-1.078392,DOWN,1300.5,-0.535373,DOWN,1309.099976,0.122369,UP,1,"After CPI changed by 0.300126% on 2019-02-01, gold moved -1.078392% over 1 trading days (DOWN).",0.82,0.96,-14.0,low_yield_regime,yields_falling,95.580002,96.82,-1.239998,normal_dxy_regime,dxy_falling,1.72,1.49,0.23,normal_breakeven_regime,breakeven_rising
CPI_GOLD_2019-03-01,cpi_gold_v1,CPI,2019-03-01,2019-04-10,first_gold_session_on_or_after_release_timestamp,1309.099976,2019-04-10T08:30:00,C:\AurumAI\AurumAI\data\economic\CPIAUCSL.csv,04337a0b5f9995141bebfbea75d955e55b4b6649365000ac1a9d3776ce25577e,254.277,253.319,0.378179,inflation_pressure_up,LATE_CYCLE,1288.599976,-1.565961,DOWN,1272.199951,-2.818732,DOWN,1283.5,-1.95554,DOWN,5,"After CPI changed by 0.378179% on 2019-03-01, gold moved -2.818732% over 5 trading days (DOWN).",0.8,0.86,-6.0,low_yield_regime,yields_flat,96.529999,95.339996,1.190002,normal_dxy_regime,dxy_rising,1.85,1.68,0.17,normal_breakeven_regime,breakeven_rising
CPI_GOLD_2019-04-01,cpi_gold_v1,CPI,2019-04-01,2019-05-08,first_gold_session_on_or_after_release_timestamp,1279.400024,2019-05-08T08:30:00,C:\AurumAI\AurumAI\data\economic\CPIAUCSL.csv,04337a0b5f9995141bebfbea75d955e55b4b6649365000ac1a9d3776ce25577e,255.233,254.277,0.375968,inflation_pressure_up,LATE_CYCLE,1283.5,0.320461,UP,1296.300049,1.320934,UP,1337.599976,4.549003,UP,20,"After CPI changed by 0.375968% on 2019-04-01, gold moved 4.549003% over 20 trading days (UP).",0.59,0.8,-21.0,low_yield_regime,yields_falling,97.25,96.529999,0.720001,normal_dxy_regime,dxy_flat,1.82,1.85,-0.03,normal_breakeven_regime,breakeven_flat
CPI_GOLD_2019-05-01,cpi_gold_v1,CPI,2019-05-01,2019-06-12,first_gold_session_on_or_after_release_timestamp,1331.900024,2019-06-12T08:30:00,C:\AurumAI\AurumAI\data\economic\CPIAUCSL.csv,04337a0b5f9995141bebfbea75d955e55b4b6649365000ac1a9d3776ce25577e,255.296,255.233,0.024683,inflation_pressure_up,LATE_CYCLE,1339.199951,0.548084,UP,1344.599976,0.953521,UP,1404.300049,5.435845,UP,20,"After CPI changed by 0.024683% on 2019-05-01, gold moved 5.435845% over 20 trading days (UP).",0.59,0.59,0.0,low_yield_regime,yields_flat,97.690002,97.25,0.440002,normal_dxy_regime,dxy_flat,1.83,1.82,0.01,normal_breakeven_regime,breakeven_flat
CPI_GOLD_2019-06-01,cpi_gold_v1,CPI,2019-06-01,2019-07-10,first_gold_session_on_or_after_release_timestamp,1410.099976,2019-07-10T08:30:00,C:\AurumAI\AurumAI\data\economic\CPIAUCSL.csv,04337a0b5f9995141bebfbea75d955e55b4b6649365000ac1a9d3776ce25577e,255.213,255.296,-0.032511,inflation_pressure_down,LATE_CYCLE,1404.300049,-0.411313,DOWN,1421.300049,0.794275,UP,1507.300049,6.893133,UP,20,"After CPI changed by -0.032511% on 2019-06-01, gold moved 6.893133% over 20 trading days (UP).",0.4,0.66,-26.0,low_yield_regime,yields_falling,97.75,97.830002,-0.080002,normal_dxy_regime,dxy_flat,1.58,1.78,-0.2,normal_breakeven_regime,breakeven_falling
CPI_GOLD_2019-07-01,cpi_gold_v1,CPI,2019-07-01,2019-08-14,first_gold_session_on_or_after_release_timestamp,1515.900024,2019-08-14T08:30:00,C:\AurumAI\AurumAI\data\economic\CPIAUCSL.csv,04337a0b5f9995141bebfbea75d955e55b4b6649365000ac1a9d3776ce25577e,255.802,255.213,0.230788,inflation_pressure_up,LATE_CYCLE,1519.599976,0.244076,UP,1504.599976,-0.745435,DOWN,1498.699951,-1.134644,DOWN,20,"After CPI changed by 0.230788% on 2019-07-01, gold moved -1.134644% over 20 trading days (DOWN).",0.34,0.4,-6.0,low_yield_regime,yields_flat,96.839996,97.75,-0.910004,normal_dxy_regime,dxy_flat,1.53,1.58,-0.05,normal_breakeven_regime,breakeven_flat
CPI_GOLD_2019-08-01,cpi_gold_v1,CPI,2019-08-01,2019-09-11,first_gold_session_on_or_after_release_timestamp,1494.400024,2019-09-11T08:30:00,C:\AurumAI\AurumAI\data\economic\CPIAUCSL.csv,04337a0b5f9995141bebfbea75d955e55b4b6649365000ac1a9d3776ce25577e,256.036,255.802,0.091477,inflation_pressure_up,LATE_CYCLE,1498.699951,0.287736,UP,1507.5,0.876604,UP,1506.099976,0.78292,UP,5,"After CPI changed by 0.091477% on 2019-08-01, gold moved 0.876604% over 5 trading days (UP).",0.2,0.33,-13.0,low_yield_regime,yields_falling,98.389999,96.730003,1.659996,normal_dxy_regime,dxy_rising,1.47,1.5,-0.03,low_breakeven_regime,breakeven_flat
CPI_GOLD_2019-09-01,cpi_gold_v1,CPI,2019-09-01,2019-10-09,first_gold_session_on_or_after_release_timestamp,1506.099976,2019-10-09T08:30:00,C:\AurumAI\AurumAI\data\economic\CPIAUCSL.csv,04337a0b5f9995141bebfbea75d955e55b4b6649365000ac1a9d3776ce25577e,256.43,256.036,0.153885,inflation_pressure_up,LATE_CYCLE,1494.800049,-0.750277,DOWN,1488.0,-1.201778,DOWN,1490.199951,-1.055708,DOWN,5,"After CPI changed by 0.153885% on 2019-09-01, gold moved -1.201778% over 5 trading days (DOWN).",-0.05,0.2,-25.0,low_yield_regime,yields_falling,98.919998,98.099998,0.82,normal_dxy_regime,dxy_flat,1.35,1.45,-0.1,low_breakeven_regime,breakeven_flat
CPI_GOLD_2019-10-01,cpi_gold_v1,CPI,2019-10-01,2019-11-13,first_gold_session_on_or_after_release_timestamp,1461.699951,2019-11-13T08:30:00,C:\AurumAI\AurumAI\data\economic\CPIAUCSL.csv,04337a0b5f9995141bebfbea75d955e55b4b6649365000ac1a9d3776ce25577e,257.155,256.43,0.282728,inflation_pressure_up,LATE_CYCLE,1471.800049,0.690983,UP,1473.300049,0.793603,UP,1466.699951,0.342067,UP,5,"After CPI changed by 0.282728% on 2019-10-01, gold moved 0.793603% over 5 trading days (UP).",0.13,-0.05,18.0,low_yield_regime,yields_rising,99.129997,98.919998,0.209999,normal_dxy_regime,dxy_flat,1.33,1.35,-0.02,low_breakeven_regime,breakeven_flat
CPI_GOLD_2019-11-01,cpi_gold_v1,CPI,2019-11-01,2019-12-11,first_gold_session_on_or_after_release_timestamp,1469.400024,2019-12-11T08:30:00,C:\AurumAI\AurumAI\data\economic\CPIAUCSL.csv,04337a0b5f9995141bebfbea75d955e55b4b6649365000ac1a9d3776ce25577e,257.879,257.155,0.281542,inflation_pressure_up,LATE_CYCLE,1466.699951,-0.183753,DOWN,1472.599976,0.217773,UP,1557.5,5.995643,UP,20,"After CPI changed by 0.281542% on 2019-11-01, gold moved 5.995643% over 20 trading days (UP).",0.14,0.1,4.0,low_yield_regime,yields_flat,97.239998,99.040001,-1.800003,normal_dxy_regime,dxy_falling,1.5,1.29,0.21,normal_breakeven_regime,breakeven_rising
CPI_GOLD_2019-12-01,cpi_gold_v1,CPI,2019-12-01,2020-01-08,first_gold_session_on_or_after_release_timestamp,1557.400024,2020-01-08T08:30:00,C:\AurumAI\AurumAI\data\economic\CPIAUCSL.csv,04337a0b5f9995141bebfbea75d955e55b4b6649365000ac1a9d3776ce25577e,258.63,257.879,0.291222,inflation_pressure_up,LATE_CYCLE,1551.699951,-0.365999,DOWN,1552.099976,-0.340314,DOWN,1565.099976,0.494411,UP,20,"After CPI changed by 0.291222% on 2019-12-01, gold moved 0.494411% over 20 trading days (UP).",0.17,0.14,3.0,low_yield_regime,yields_flat,98.269997,97.239998,1.029999,normal_dxy_regime,dxy_rising,1.5,1.5,0.0,normal_breakeven_regime,breakeven_flat
CPI_GOLD_2020-01-01,cpi_gold_v1,CPI,2020-01-01,2020-02-12,first_gold_session_on_or_after_release_timestamp,1567.400024,2020-02-12T08:30:00,C:\AurumAI\AurumAI\data\economic\CPIAUCSL.csv,04337a0b5f9995141bebfbea75d955e55b4b6649365000ac1a9d3776ce25577e,259.127,258.63,0.192166,inflation_pressure_up,LATE_CYCLE,1575.099976,0.491256,UP,1616.599976,3.138953,UP,1589.300049,1.39722,UP,5,"After CPI changed by 0.192166% on 2020-01-01, gold moved 3.138953% over 5 trading days (UP).",0.15,0.18,-3.0,low_yield_regime,yields_flat,96.389999,97.860001,-1.470001,normal_dxy_regime,dxy_falling,1.68,1.54,0.14,normal_breakeven_regime,breakeven_rising
CPI_GOLD_2020-02-01,cpi_gold_v1,CPI,2020-02-01,2020-03-11,first_gold_session_on_or_after_release_timestamp,1641.400024,2020-03-11T08:30:00,C:\AurumAI\AurumAI\data\economic\CPIAUCSL.csv,04337a0b5f9995141bebfbea75d955e55b4b6649365000ac1a9d3776ce25577e,259.25,259.127,0.047467,inflation_pressure_up,LATE_CYCLE,1589.300049,-3.174118,DOWN,1477.300049,-9.997561,DOWN,1665.400024,1.462166,UP,5,"After CPI changed by 0.047467% on 2020-02-01, gold moved -9.997561% over 5 trading days (DOWN).",-0.14,0.08,-22.0,low_yield_regime,yields_falling,97.389999,96.849998,0.540001,normal_dxy_regime,dxy_flat,1.6,1.72,-0.12,normal_breakeven_regime,breakeven_falling
CPI_GOLD_2020-03-01,cpi_gold_v1,CPI,2020-03-01,2020-04-08,first_gold_session_on_or_after_release_timestamp,1665.400024,2020-04-08T08:30:00,C:\AurumAI\AurumAI\data\economic\CPIAUCSL.csv,04337a0b5f9995141bebfbea75d955e55b4b6649365000ac1a9d3776ce25577e,258.076,259.25,-0.452845,inflation_pressure_down,RECOVERY,1736.199951,4.251226,UP,1720.400024,3.30251,UP,1721.800049,3.386575,UP,1,"After CPI changed by -0.452845% on 2020-03-01, gold moved 4.251226% over 1 trading days (UP).",-0.28,-0.14,-14.0,low_yield_regime,yields_falling,98.129997,97.389999,0.739998,normal_dxy_regime,dxy_flat,1.33,1.6,-0.27,low_breakeven_regime,breakeven_falling
CPI_GOLD_2020-04-01,cpi_gold_v1,CPI,2020-04-01,2020-05-13,first_gold_session_on_or_after_release_timestamp,1713.900024,2020-05-13T08:30:00,C:\AurumAI\AurumAI\data\economic\CPIAUCSL.csv,04337a0b5f9995141bebfbea75d955e55b4b6649365000ac1a9d3776ce25577e,256.032,258.076,-0.792015,inflation_pressure_down,RECOVERY,1738.099976,1.411981,UP,1750.599976,2.141312,UP,1732.0,1.05607,UP,5,"After CPI changed by -0.792015% on 2020-04-01, gold moved 2.141312% over 5 trading days (UP).",-0.29,-0.31,2.0,low_yield_regime,yields_flat,99.669998,97.360001,2.309998,normal_dxy_regime,dxy_rising,0.56,1.32,-0.76,low_breakeven_regime,breakeven_falling
CPI_GOLD_2020-05-01,cpi_gold_v1,CPI,2020-05-01,2020-06-10,first_gold_session_on_or_after_release_timestamp,1713.300049,2020-06-10T08:30:00,C:\AurumAI\AurumAI\data\economic\CPIAUCSL.csv,04337a0b5f9995141bebfbea75d955e55b4b6649365000ac1a9d3776ce25577e,255.802,256.032,-0.089833,inflation_pressure_down,RECOVERY,1732.0,1.091458,UP,1729.199951,0.928028,UP,1799.199951,5.01371,UP,20,"After CPI changed by -0.089833% on 2020-05-01, gold moved 5.01371% over 20 trading days (UP).",-0.42,-0.29,-13.0,low_yield_regime,yields_falling,98.800003,99.669998,-0.869995,normal_dxy_regime,dxy_flat,0.68,0.56,0.12,low_breakeven_regime,breakeven_rising
CPI_GOLD_2020-06-01,cpi_gold_v1,CPI,2020-06-01,2020-07-08,first_gold_session_on_or_after_release_timestamp,1815.5,2020-07-08T08:30:00,C:\AurumAI\AurumAI\data\economic\CPIAUCSL.csv,04337a0b5f9995141bebfbea75d955e55b4b6649365000ac1a9d3776ce25577e,257.042,255.802,0.48475,inflation_pressure_up,RECOVERY,1799.199951,-0.897827,DOWN,1811.400024,-0.225832,DOWN,2031.099976,11.875515,UP,20,"After CPI changed by 0.48475% on 2020-06-01, gold moved 11.875515% over 20 trading days (UP).",-0.52,-0.42,-10.0,low_yield_regime,yields_flat,97.830002,98.800003,-0.970001,normal_dxy_regime,dxy_flat,0.84,0.68,0.16,low_breakeven_regime,breakeven_rising
CPI_GOLD_2020-07-01,cpi_gold_v1,CPI,2020-07-01,2020-08-12,first_gold_session_on_or_after_release_timestamp,1934.900024,2020-08-12T08:30:00,C:\AurumAI\AurumAI\data\economic\CPIAUCSL.csv,04337a0b5f9995141bebfbea75d955e55b4b6649365000ac1a9d3776ce25577e,258.352,257.042,0.509644,inflation_pressure_up,RECOVERY,1956.699951,1.126669,UP,1958.699951,1.230034,UP,1954.199951,0.997464,UP,5,"After CPI changed by 0.509644% on 2020-07-01, gold moved 1.230034% over 5 trading days (UP).",-0.68,-0.52,-16.0,low_yield_regime,yields_falling,97.199997,97.830002,-0.630005,normal_dxy_regime,dxy_flat,1.17,0.84,0.33,low_breakeven_regime,breakeven_rising
CPI_GOLD_2020-08-01,cpi_gold_v1,CPI,2020-08-01,2020-09-09,first_gold_session_on_or_after_release_timestamp,1944.699951,2020-09-09T08:30:00,C:\AurumAI\AurumAI\data\economic\CPIAUCSL.csv,04337a0b5f9995141bebfbea75d955e55b4b6649365000ac1a9d3776ce25577e,259.316,258.352,0.373134,inflation_pressure_up,RECOVERY,1954.199951,0.488507,UP,1960.199951,0.797038,UP,1883.599976,-3.141872,DOWN,20,"After CPI changed by 0.373134% on 2020-08-01, gold moved -3.141872% over 20 trading days (DOWN).",-1.0,-0.73,-27.0,low_yield_regime,yields_falling,93.489998,97.32,-3.830002,low_dxy_regime,dxy_falling,1.4,1.21,0.19,low_breakeven_regime,breakeven_rising
CPI_GOLD_2020-09-01,cpi_gold_v1,CPI,2020-09-01,2020-10-14,first_gold_session_on_or_after_release_timestamp,1901.300049,2020-10-14T08:30:00,C:\AurumAI\AurumAI\data\economic\CPIAUCSL.csv,04337a0b5f9995141bebfbea75d955e55b4b6649365000ac1a9d3776ce25577e,259.997,259.316,0.262614,inflation_pressure_up,RECOVERY,1903.199951,0.099926,FLAT,1924.599976,1.225473,UP,1860.699951,-2.135386,DOWN,20,"After CPI changed by 0.262614% on 2020-09-01, gold moved -2.135386% over 20 trading days (DOWN).",-1.08,-1.0,-8.0,low_yield_regime,yields_flat,92.339996,93.489998,-1.150002,low_dxy_regime,dxy_falling,1.65,1.4,0.25,normal_breakeven_regime,breakeven_rising
CPI_GOLD_2020-10-01,cpi_gold_v1,CPI,2020-10-01,2020-11-11,first_gold_session_on_or_after_release_timestamp,1860.699951,2020-11-11T08:30:00,C:\AurumAI\AurumAI\data\economic\CPIAUCSL.csv,04337a0b5f9995141bebfbea75d955e55b4b6649365000ac1a9d3776ce25577e,260.319,259.997,0.123848,inflation_pressure_up,RECOVERY,1872.599976,0.639546,UP,1873.5,0.687916,UP,1833.599976,-1.45644,DOWN,20,"After CPI changed by 0.123848% on 2020-10-01, gold moved -1.45644% over 20 trading days (DOWN).",-0.95,-1.08,13.0,low_yield_regime,yields_rising,93.709999,92.339996,1.370003,low_dxy_regime,dxy_rising,1.48,1.65,-0.17,low_breakeven_regime,breakeven_falling
CPI_GOLD_2020-11-01,cpi_gold_v1,CPI,2020-11-01,2020-12-09,first_gold_session_on_or_after_release_timestamp,1834.599976,2020-12-09T08:30:00,C:\AurumAI\AurumAI\data\economic\CPIAUCSL.csv,04337a0b5f9995141bebfbea75d955e55b4b6649365000ac1a9d3776ce25577e,260.911,260.319,0.227413,inflation_pressure_up,RECOVERY,1833.599976,-0.054508,FLAT,1856.099976,1.171918,UP,1834.099976,-0.027254,FLAT,5,"After CPI changed by 0.227413% on 2020-11-01, gold moved 1.171918% over 5 trading days (UP).",-0.82,-0.94,12.0,low_yield_regime,yields_rising,94.040001,93.839996,0.200005,low_dxy_regime,dxy_flat,1.59,1.48,0.11,normal_breakeven_regime,breakeven_rising
CPI_GOLD_2020-12-01,cpi_gold_v1,CPI,2020-12-01,2021-01-13,first_gold_session_on_or_after_release_timestamp,1853.599976,2021-01-13T08:30:00,C:\AurumAI\AurumAI\data\economic\CPIAUCSL.csv,04337a0b5f9995141bebfbea75d955e55b4b6649365000ac1a9d3776ce25577e,262.045,260.911,0.434631,inflation_pressure_up,RECOVERY,1850.300049,-0.178028,DOWN,1865.300049,0.631208,UP,1824.900024,-1.548336,DOWN,20,"After CPI changed by 0.434631% on 2020-12-01, gold moved -1.548336% over 20 trading days (DOWN).",-0.89,-0.82,-7.0,low_yield_regime,yields_flat,91.309998,94.040001,-2.730003,low_dxy_regime,dxy_falling,1.72,1.59,0.13,normal_breakeven_regime,breakeven_rising
CPI_GOLD_2021-01-01,cpi_gold_v1,CPI,2021-01-01,2021-02-10,first_gold_session_on_or_after_release_timestamp,1840.599976,2021-02-10T08:30:00,C:\AurumAI\AurumAI\data\economic\CPIAUCSL.csv,04337a0b5f9995141bebfbea75d955e55b4b6649365000ac1a9d3776ce25577e,262.687,262.045,0.244996,inflation_pressure_up,RECOVERY,1824.900024,-0.85298,DOWN,1773.400024,-3.650981,DOWN,1722.300049,-6.427248,DOWN,20,"After CPI changed by 0.244996% on 2021-01-01, gold moved -6.427248% over 20 trading days (DOWN).",-1.06,-0.9,-16.0,low_yield_regime,yields_falling,89.940002,91.120003,-1.18,low_dxy_regime,dxy_falling,1.95,1.76,0.19,normal_breakeven_regime,breakeven_rising
CPI_GOLD_2021-02-01,cpi_gold_v1,CPI,2021-02-01,2021-03-10,first_gold_session_on_or_after_release_timestamp,1721.5,2021-03-10T08:30:00,C:\AurumAI\AurumAI\data\economic\CPIAUCSL.csv,04337a0b5f9995141bebfbea75d955e55b4b6649365000ac1a9d3776ce25577e,263.579,262.687,0.339568,inflation_pressure_up,RECOVERY,1722.300049,0.046474,FLAT,1726.800049,0.307874,UP,1756.800049,2.05054,UP,20,"After CPI changed by 0.339568% on 2021-02-01, gold moved 2.05054% over 20 trading days (UP).",-1.02,-1.06,4.0,low_yield_regime,yields_flat,91.019997,89.940002,1.079994,low_dxy_regime,dxy_rising,2.18,1.95,0.23,normal_breakeven_regime,breakeven_rising
CPI_GOLD_2021-03-01,cpi_gold_v1,CPI,2021-03-01,2021-04-14,first_gold_session_on_or_after_release_timestamp,1734.900024,2021-04-14T08:30:00,C:\AurumAI\AurumAI\data\economic\CPIAUCSL.csv,04337a0b5f9995141bebfbea75d955e55b4b6649365000ac1a9d3776ce25577e,264.961,263.579,0.524321,inflation_pressure_up,RECOVERY,1765.400024,1.758026,UP,1792.300049,3.308549,UP,1822.599976,5.055044,UP,20,"After CPI changed by 0.524321% on 2021-03-01, gold moved 5.055044% over 20 trading days (UP).",-0.71,-1.02,31.0,low_yield_regime,yields_rising,91.040001,90.580002,0.459999,low_dxy_regime,dxy_flat,2.4,2.21,0.19,normal_breakeven_regime,breakeven_rising
CPI_GOLD_2021-04-01,cpi_gold_v1,CPI,2021-04-01,2021-05-12,first_gold_session_on_or_after_release_timestamp,1822.599976,2021-05-12T08:30:00,C:\AurumAI\AurumAI\data\economic\CPIAUCSL.csv,04337a0b5f9995141bebfbea75d955e55b4b6649365000ac1a9d3776ce25577e,266.614,264.961,0.623865,inflation_pressure_up,EXPANSION,1823.800049,0.065844,FLAT,1881.300049,3.220678,UP,1894.199951,3.928453,UP,20,"After CPI changed by 0.623865% on 2021-04-01, gold moved 3.928453% over 20 trading days (UP).",-0.66,-0.78,12.0,low_yield_regime,yields_rising,92.93,90.790001,2.139999,low_dxy_regime,dxy_rising,2.55,2.43,0.12,normal_breakeven_regime,breakeven_rising
CPI_GOLD_2021-05-01,cpi_gold_v1,CPI,2021-05-01,2021-06-09,first_gold_session_on_or_after_release_timestamp,1893.199951,2021-06-09T08:30:00,C:\AurumAI\AurumAI\data\economic\CPIAUCSL.csv,04337a0b5f9995141bebfbea75d955e55b4b6649365000ac1a9d3776ce25577e,268.383,266.614,0.663506,inflation_pressure_up,EXPANSION,1894.199951,0.052821,FLAT,1859.5,-1.780052,DOWN,1799.599976,-4.944009,DOWN,20,"After CPI changed by 0.663506% on 2021-05-01, gold moved -4.944009% over 20 trading days (DOWN).",-0.76,-0.66,-10.0,low_yield_regime,yields_flat,91.279999,92.93,-1.650002,low_dxy_regime,dxy_falling,2.57,2.55,0.02,normal_breakeven_regime,breakeven_flat
CPI_GOLD_2021-06-01,cpi_gold_v1,CPI,2021-06-01,2021-07-14,first_gold_session_on_or_after_release_timestamp,1824.300049,2021-07-14T08:30:00,C:\AurumAI\AurumAI\data\economic\CPIAUCSL.csv,04337a0b5f9995141bebfbea75d955e55b4b6649365000ac1a9d3776ce25577e,270.654,268.383,0.846179,inflation_pressure_up,EXPANSION,1828.400024,0.224742,UP,1802.900024,-1.173054,DOWN,1750.400024,-4.05087,DOWN,20,"After CPI changed by 0.846179% on 2021-06-01, gold moved -4.05087% over 20 trading days (DOWN).",-0.84,-0.76,-8.0,low_yield_regime,yields_flat,89.830002,91.279999,-1.449997,low_dxy_regime,dxy_falling,2.6,2.57,0.03,normal_breakeven_regime,breakeven_flat
CPI_GOLD_2021-07-01,cpi_gold_v1,CPI,2021-07-01,2021-08-11,first_gold_session_on_or_after_release_timestamp,1750.400024,2021-08-11T08:30:00,C:\AurumAI\AurumAI\data\economic\CPIAUCSL.csv,04337a0b5f9995141bebfbea75d955e55b4b6649365000ac1a9d3776ce25577e,271.903,270.654,0.461475,inflation_pressure_up,EXPANSION,1749.0,-0.079983,FLAT,1781.599976,1.782447,UP,1797.400024,2.685101,UP,20,"After CPI changed by 0.461475% on 2021-07-01, gold moved 2.685101% over 20 trading days (UP).",-0.87,-0.84,-3.0,low_yield_regime,yields_flat,92.599998,89.830002,2.769997,low_dxy_regime,dxy_rising,2.49,2.6,-0.11,normal_breakeven_regime,breakeven_falling
CPI_GOLD_2021-08-01,cpi_gold_v1,CPI,2021-08-01,2021-09-08,first_gold_session_on_or_after_release_timestamp,1790.699951,2021-09-08T08:30:00,C:\AurumAI\AurumAI\data\economic\CPIAUCSL.csv,04337a0b5f9995141bebfbea75d955e55b4b6649365000ac1a9d3776ce25577e,272.676,271.903,0.284293,inflation_pressure_up,EXPANSION,1797.400024,0.374159,UP,1792.400024,0.094939,FLAT,1760.5,-1.686489,DOWN,20,"After CPI changed by 0.284293% on 2021-08-01, gold moved -1.686489% over 20 trading days (DOWN).",-1.16,-0.89,-27.0,low_yield_regime,yields_falling,92.169998,92.230003,-0.060005,low_dxy_regime,dxy_flat,2.56,2.49,0.07,normal_breakeven_regime,breakeven_flat
CPI_GOLD_2021-09-01,cpi_gold_v1,CPI,2021-09-01,2021-10-13,first_gold_session_on_or_after_release_timestamp,1793.699951,2021-10-13T08:30:00,C:\AurumAI\AurumAI\data\economic\CPIAUCSL.csv,04337a0b5f9995141bebfbea75d955e55b4b6649365000ac1a9d3776ce25577e,273.91,272.676,0.452552,inflation_pressure_up,EXPANSION,1796.699951,0.167252,UP,1784.099976,-0.535205,DOWN,1847.599976,3.004963,UP,20,"After CPI changed by 0.452552% on 2021-09-01, gold moved 3.004963% over 20 trading days (UP).",-1.03,-1.17,14.0,low_yield_regime,yields_rising,92.449997,92.050003,0.399994,low_dxy_regime,dxy_flat,2.48,2.51,-0.03,normal_breakeven_regime,breakeven_flat
CPI_GOLD_2021-10-01,cpi_gold_v1,CPI,2021-10-01,2021-11-10,first_gold_session_on_or_after_release_timestamp,1847.599976,2021-11-10T08:30:00,C:\AurumAI\AurumAI\data\economic\CPIAUCSL.csv,04337a0b5f9995141bebfbea75d955e55b4b6649365000ac1a9d3776ce25577e,276.55,273.91,0.96382,inflation_pressure_up,EXPANSION,1863.199951,0.844337,UP,1869.699951,1.196145,UP,1774.599976,-3.951072,DOWN,20,"After CPI changed by 0.96382% on 2021-10-01, gold moved -3.951072% over 20 trading days (DOWN).",-0.9,-1.03,13.0,low_yield_regime,yields_rising,94.040001,92.449997,1.590004,low_dxy_regime,dxy_rising,2.51,2.48,0.03,normal_breakeven_regime,breakeven_flat
CPI_GOLD_2021-11-01,cpi_gold_v1,CPI,2021-11-01,2021-12-08,first_gold_session_on_or_after_release_timestamp,1783.400024,2021-12-08T08:30:00,C:\AurumAI\AurumAI\data\economic\CPIAUCSL.csv,04337a0b5f9995141bebfbea75d955e55b4b6649365000ac1a9d3776ce25577e,278.919,276.55,0.856626,inflation_pressure_up,EXPANSION,1774.599976,-0.493442,DOWN,1762.599976,-1.166314,DOWN,1788.699951,0.297181,UP,5,"After CPI changed by 0.856626% on 2021-11-01, gold moved -1.166314% over 5 trading days (DOWN).",-0.92,-0.9,-2.0,low_yield_regime,yields_flat,93.879997,94.040001,-0.160004,low_dxy_regime,dxy_flat,2.86,2.51,0.35,normal_breakeven_regime,breakeven_rising
CPI_GOLD_2021-12-01,cpi_gold_v1,CPI,2021-12-01,2022-01-12,first_gold_session_on_or_after_release_timestamp,1827.199951,2022-01-12T08:30:00,C:\AurumAI\AurumAI\data\economic\CPIAUCSL.csv,04337a0b5f9995141bebfbea75d955e55b4b6649365000ac1a9d3776ce25577e,280.845,278.919,0.690523,inflation_pressure_up,EXPANSION,1821.199951,-0.328371,DOWN,1842.5,0.837349,UP,1836.199951,0.492557,UP,5,"After CPI changed by 0.690523% on 2021-12-01, gold moved 0.837349% over 5 trading days (UP).",-1.01,-0.92,-9.0,low_yield_regime,yields_flat,96.050003,93.879997,2.170006,normal_dxy_regime,dxy_rising,2.7,2.86,-0.16,normal_breakeven_regime,breakeven_falling
CPI_GOLD_2022-01-01,cpi_gold_v1,CPI,2022-01-01,2022-02-09,first_gold_session_on_or_after_release_timestamp,1835.199951,2022-02-09T08:30:00,C:\AurumAI\AurumAI\data\economic\CPIAUCSL.csv,04337a0b5f9995141bebfbea75d955e55b4b6649365000ac1a9d3776ce25577e,282.543,280.845,0.604604,inflation_pressure_up,EXPANSION,1836.199951,0.05449,FLAT,1870.199951,1.907149,UP,1998.099976,8.876418,UP,20,"After CPI changed by 0.604604% on 2022-01-01, gold moved 8.876418% over 20 trading days (UP).",-1.04,-1.03,-1.0,low_yield_regime,yields_flat,95.669998,96.129997,-0.459999,normal_dxy_regime,dxy_flat,2.87,2.73,0.14,normal_breakeven_regime,breakeven_rising
CPI_GOLD_2022-02-01,cpi_gold_v1,CPI,2022-02-01,2022-03-09,first_gold_session_on_or_after_release_timestamp,1985.900024,2022-03-09T08:30:00,C:\AurumAI\AurumAI\data\economic\CPIAUCSL.csv,04337a0b5f9995141bebfbea75d955e55b4b6649365000ac1a9d3776ce25577e,284.5,282.543,0.692638,inflation_pressure_up,RECOVERY,1998.099976,0.614329,UP,1908.0,-3.922656,DOWN,1918.400024,-3.398963,DOWN,5,"After CPI changed by 0.692638% on 2022-02-01, gold moved -3.922656% over 5 trading days (DOWN).",-0.62,-1.04,42.0,low_yield_regime,yields_rising,96.389999,95.669998,0.720001,normal_dxy_regime,dxy_flat,2.8,2.87,-0.07,normal_breakeven_regime,breakeven_flat
CPI_GOLD_2022-03-01,cpi_gold_v1,CPI,2022-03-01,2022-04-13,first_gold_session_on_or_after_release_timestamp,1981.0,2022-04-13T08:30:00,C:\AurumAI\AurumAI\data\economic\CPIAUCSL.csv,04337a0b5f9995141bebfbea75d955e55b4b6649365000ac1a9d3776ce25577e,287.674,284.5,1.115641,inflation_pressure_up,RECOVERY,1970.900024,-0.509842,DOWN,1944.900024,-1.822311,DOWN,1823.800049,-7.935384,DOWN,20,"After CPI changed by 1.115641% on 2022-03-01, gold moved -7.935384% over 20 trading days (DOWN).",-0.9,-0.66,-24.0,low_yield_regime,yields_falling,97.410004,97.269997,0.140007,normal_dxy_regime,dxy_flat,3.14,2.8,0.34,high_breakeven_regime,breakeven_rising
CPI_GOLD_2022-04-01,cpi_gold_v1,CPI,2022-04-01,2022-05-11,first_gold_session_on_or_after_release_timestamp,1852.599976,2022-05-11T08:30:00,C:\AurumAI\AurumAI\data\economic\CPIAUCSL.csv,04337a0b5f9995141bebfbea75d955e55b4b6649365000ac1a9d3776ce25577e,288.561,287.674,0.308335,inflation_pressure_up,RECOVERY,1823.800049,-1.554568,DOWN,1815.900024,-1.980997,DOWN,1848.800049,-0.205113,DOWN,5,"After CPI changed by 0.308335% on 2022-04-01, gold moved -1.980997% over 5 trading days (DOWN).",-0.41,-0.85,44.0,low_yield_regime,yields_rising,98.629997,97.389999,1.239998,normal_dxy_regime,dxy_rising,3.28,3.23,0.05,high_breakeven_regime,breakeven_flat
CPI_GOLD_2022-05-01,cpi_gold_v1,CPI,2022-05-01,2022-06-08,first_gold_session_on_or_after_release_timestamp,1851.900024,2022-06-08T08:30:00,C:\AurumAI\AurumAI\data\economic\CPIAUCSL.csv,04337a0b5f9995141bebfbea75d955e55b4b6649365000ac1a9d3776ce25577e,291.298,288.561,0.9485,inflation_pressure_up,RECOVERY,1848.800049,-0.167394,DOWN,1815.300049,-1.976347,DOWN,1740.599976,-6.010046,DOWN,20,"After CPI changed by 0.9485% on 2022-05-01, gold moved -6.010046% over 20 trading days (DOWN).",0.01,-0.41,42.0,low_yield_regime,yields_rising,102.959999,98.629997,4.330002,normal_dxy_regime,dxy_rising,3.3,3.28,0.02,high_breakeven_regime,breakeven_flat
CPI_GOLD_2022-06-01,cpi_gold_v1,CPI,2022-06-01,2022-07-13,first_gold_session_on_or_after_release_timestamp,1734.199951,2022-07-13T08:30:00,C:\AurumAI\AurumAI\data\economic\CPIAUCSL.csv,04337a0b5f9995141bebfbea75d955e55b4b6649365000ac1a9d3776ce25577e,294.957,291.298,1.256102,inflation_pressure_up,RECOVERY,1704.5,-1.712602,DOWN,1699.5,-2.00092,DOWN,1795.599976,3.540539,UP,20,"After CPI changed by 1.256102% on 2022-06-01, gold moved 3.540539% over 20 trading days (UP).",0.29,0.18,11.0,low_yield_regime,yields_rising,102.550003,103.739998,-1.189995,normal_dxy_regime,dxy_falling,2.96,3.21,-0.25,normal_breakeven_regime,breakeven_falling
CPI_GOLD_2022-07-01,cpi_gold_v1,CPI,2022-07-01,2022-08-10,first_gold_session_on_or_after_release_timestamp,1795.599976,2022-08-10T08:30:00,C:\AurumAI\AurumAI\data\economic\CPIAUCSL.csv,04337a0b5f9995141bebfbea75d955e55b4b6649365000ac1a9d3776ce25577e,294.913,294.957,-0.014917,inflation_pressure_down,RECOVERY,1789.699951,-0.328582,DOWN,1760.300049,-1.965913,DOWN,1708.0,-4.878591,DOWN,20,"After CPI changed by -0.014917% on 2022-07-01, gold moved -4.878591% over 20 trading days (DOWN).",0.54,0.29,25.0,low_yield_regime,yields_rising,105.139999,102.550003,2.589996,high_dxy_regime,dxy_rising,2.6,2.96,-0.36,normal_breakeven_regime,breakeven_falling
CPI_GOLD_2022-08-01,cpi_gold_v1,CPI,2022-08-01,2022-09-14,first_gold_session_on_or_after_release_timestamp,1696.5,2022-09-14T08:30:00,C:\AurumAI\AurumAI\data\economic\CPIAUCSL.csv,04337a0b5f9995141bebfbea75d955e55b4b6649365000ac1a9d3776ce25577e,295.097,294.913,0.062391,inflation_pressure_up,RECOVERY,1665.400024,-1.833185,DOWN,1664.599976,-1.880343,DOWN,1670.300049,-1.544353,DOWN,5,"After CPI changed by 0.062391% on 2022-08-01, gold moved -1.880343% over 5 trading days (DOWN).",0.09,0.54,-45.0,low_yield_regime,yields_falling,105.449997,105.139999,0.309998,high_dxy_regime,dxy_flat,2.72,2.6,0.12,normal_breakeven_regime,breakeven_rising
CPI_GOLD_2022-09-01,cpi_gold_v1,CPI,2022-09-01,2022-10-12,first_gold_session_on_or_after_release_timestamp,1670.300049,2022-10-12T08:30:00,C:\AurumAI\AurumAI\data\economic\CPIAUCSL.csv,04337a0b5f9995141bebfbea75d955e55b4b6649365000ac1a9d3776ce25577e,296.349,295.097,0.424267,inflation_pressure_up,RECOVERY,1670.0,-0.017964,FLAT,1627.5,-2.562417,DOWN,1710.099976,2.382801,UP,5,"After CPI changed by 0.424267% on 2022-09-01, gold moved -2.562417% over 5 trading days (DOWN).",0.81,0.27,54.0,low_yield_regime,yields_rising,109.690002,106.239998,3.450005,high_dxy_regime,dxy_rising,2.52,2.69,-0.17,normal_breakeven_regime,breakeven_falling
CPI_GOLD_2022-10-01,cpi_gold_v1,CPI,2022-10-01,2022-11-09,first_gold_session_on_or_after_release_timestamp,1710.099976,2022-11-09T08:30:00,C:\AurumAI\AurumAI\data\economic\CPIAUCSL.csv,04337a0b5f9995141bebfbea75d955e55b4b6649365000ac1a9d3776ce25577e,298.007,296.349,0.559475,inflation_pressure_up,RECOVERY,1750.300049,2.350744,UP,1773.0,3.678149,UP,1788.699951,4.596221,UP,20,"After CPI changed by 0.559475% on 2022-10-01, gold moved 4.596221% over 20 trading days (UP).",1.68,0.81,87.0,low_yield_regime,yields_rising,112.120003,109.690002,2.43,high_dxy_regime,dxy_rising,2.14,2.52,-0.38,normal_breakeven_regime,breakeven_falling
CPI_GOLD_2022-11-01,cpi_gold_v1,CPI,2022-11-01,2022-12-14,first_gold_session_on_or_after_release_timestamp,1807.5,2022-12-14T08:30:00,C:\AurumAI\AurumAI\data\economic\CPIAUCSL.csv,04337a0b5f9995141bebfbea75d955e55b4b6649365000ac1a9d3776ce25577e,298.786,298.007,0.261403,inflation_pressure_up,EXPANSION,1777.199951,-1.676351,DOWN,1815.900024,0.464732,UP,1918.400024,6.135548,UP,20,"After CPI changed by 0.261403% on 2022-11-01, gold moved 6.135548% over 20 trading days (UP).",1.56,1.68,-12.0,low_yield_regime,yields_falling,111.480003,112.120003,-0.639999,high_dxy_regime,dxy_flat,2.65,2.14,0.51,normal_breakeven_regime,breakeven_rising
CPI_GOLD_2022-12-01,cpi_gold_v1,CPI,2022-12-01,2023-01-11,first_gold_session_on_or_after_release_timestamp,1874.599976,2023-01-11T08:30:00,C:\AurumAI\AurumAI\data\economic\CPIAUCSL.csv,04337a0b5f9995141bebfbea75d955e55b4b6649365000ac1a9d3776ce25577e,298.832,298.786,0.015396,inflation_pressure_up,EXPANSION,1895.5,1.114906,UP,1922.099976,2.533874,UP,1866.199951,-0.448097,DOWN,5,"After CPI changed by 0.015396% on 2022-12-01, gold moved 2.533874% over 5 trading days (UP).",1.17,1.56,-39.0,low_yield_regime,yields_falling,104.730003,111.480003,-6.75,normal_dxy_regime,dxy_falling,2.45,2.65,-0.2,normal_breakeven_regime,breakeven_falling
CPI_GOLD_2023-01-01,cpi_gold_v1,CPI,2023-01-01,2023-02-08,first_gold_session_on_or_after_release_timestamp,1877.400024,2023-02-08T08:30:00,C:\AurumAI\AurumAI\data\economic\CPIAUCSL.csv,04337a0b5f9995141bebfbea75d955e55b4b6649365000ac1a9d3776ce25577e,300.42,298.832,0.531402,inflation_pressure_up,EXPANSION,1866.199951,-0.596574,DOWN,1834.199951,-2.301059,DOWN,1829.300049,-2.562053,DOWN,20,"After CPI changed by 0.531402% on 2023-01-01, gold moved -2.562053% over 20 trading days (DOWN).",1.58,1.08,50.0,low_yield_regime,yields_rising,103.519997,104.550003,-1.030006,normal_dxy_regime,dxy_falling,2.33,2.51,-0.18,normal_breakeven_regime,breakeven_falling
CPI_GOLD_2023-02-01,cpi_gold_v1,CPI,2023-02-01,2023-03-08,first_gold_session_on_or_after_release_timestamp,1812.699951,2023-03-08T08:30:00,C:\AurumAI\AurumAI\data\economic\CPIAUCSL.csv,04337a0b5f9995141bebfbea75d955e55b4b6649365000ac1a9d3776ce25577e,301.45,300.42,0.342853,inflation_pressure_up,EXPANSION,1829.300049,0.915766,UP,1926.599976,6.283446,UP,2020.900024,11.485634,UP,20,"After CPI changed by 0.342853% on 2023-02-01, gold moved 11.485634% over 20 trading days (UP).",1.14,1.58,-44.0,low_yield_regime,yields_falling,101.220001,103.519997,-2.299995,normal_dxy_regime,dxy_falling,2.29,2.33,-0.04,normal_breakeven_regime,breakeven_flat
CPI_GOLD_2023-03-01,cpi_gold_v1,CPI,2023-03-01,2023-04-12,first_gold_session_on_or_after_release_timestamp,2010.900024,2023-04-12T08:30:00,C:\AurumAI\AurumAI\data\economic\CPIAUCSL.csv,04337a0b5f9995141bebfbea75d955e55b4b6649365000ac1a9d3776ce25577e,301.821,301.45,0.123072,inflation_pressure_up,EXPANSION,2041.300049,1.511762,UP,1995.199951,-0.780749,DOWN,2030.5,0.974687,UP,1,"After CPI changed by 0.123072% on 2023-03-01, gold moved 1.511762% over 1 trading days (UP).",1.57,1.26,31.0,low_yield_regime,yields_rising,104.480003,102.279999,2.200005,normal_dxy_regime,dxy_rising,2.59,2.3,0.29,normal_breakeven_regime,breakeven_rising
CPI_GOLD_2023-04-01,cpi_gold_v1,CPI,2023-04-01,2023-05-10,first_gold_session_on_or_after_release_timestamp,2030.5,2023-05-10T08:30:00,C:\AurumAI\AurumAI\data\economic\CPIAUCSL.csv,04337a0b5f9995141bebfbea75d955e55b4b6649365000ac1a9d3776ce25577e,302.845,301.821,0.339274,inflation_pressure_up,EXPANSION,2014.699951,-0.778136,DOWN,1980.699951,-2.4526,DOWN,1963.599976,-3.294756,DOWN,20,"After CPI changed by 0.339274% on 2023-04-01, gold moved -3.294756% over 20 trading days (DOWN).",1.16,1.6,-44.0,low_yield_regime,yields_falling,102.510002,105.029999,-2.519997,normal_dxy_regime,dxy_falling,2.4,2.65,-0.25,normal_breakeven_regime,breakeven_falling
CPI_GOLD_2023-05-01,cpi_gold_v1,CPI,2023-05-01,2023-06-14,first_gold_session_on_or_after_release_timestamp,1955.300049,2023-06-14T08:30:00,C:\AurumAI\AurumAI\data\economic\CPIAUCSL.csv,04337a0b5f9995141bebfbea75d955e55b4b6649365000ac1a9d3776ce25577e,303.334,302.845,0.161469,inflation_pressure_up,RECOVERY,1957.800049,0.127858,UP,1912.699951,-2.178699,DOWN,1960.099976,0.245483,UP,5,"After CPI changed by 0.161469% on 2023-05-01, gold moved -2.178699% over 5 trading days (DOWN).",1.36,1.16,20.0,low_yield_regime,yields_rising,102.150002,102.510002,-0.360001,normal_dxy_regime,dxy_flat,2.24,2.4,-0.16,normal_breakeven_regime,breakeven_falling
CPI_GOLD_2023-06-01,cpi_gold_v1,CPI,2023-06-01,2023-07-12,first_gold_session_on_or_after_release_timestamp,1956.199951,2023-07-12T08:30:00,C:\AurumAI\AurumAI\data\economic\CPIAUCSL.csv,04337a0b5f9995141bebfbea75d955e55b4b6649365000ac1a9d3776ce25577e,304.014,303.334,0.224175,inflation_pressure_up,RECOVERY,1959.199951,0.153359,UP,1977.5,1.088848,UP,1915.400024,-2.085673,DOWN,20,"After CPI changed by 0.224175% on 2023-06-01, gold moved -2.085673% over 20 trading days (DOWN).",1.45,1.24,21.0,low_yield_regime,yields_rising,103.559998,101.959999,1.599998,normal_dxy_regime,dxy_rising,2.07,2.18,-0.11,normal_breakeven_regime,breakeven_falling
CPI_GOLD_2023-07-01,cpi_gold_v1,CPI,2023-07-01,2023-08-09,first_gold_session_on_or_after_release_timestamp,1915.400024,2023-08-09T08:30:00,C:\AurumAI\AurumAI\data\economic\CPIAUCSL.csv,04337a0b5f9995141bebfbea75d955e55b4b6649365000ac1a9d3776ce25577e,304.609,304.014,0.195715,inflation_pressure_up,RECOVERY,1914.400024,-0.052208,FLAT,1896.099976,-1.007625,DOWN,1917.5,0.109636,UP,5,"After CPI changed by 0.195715% on 2023-07-01, gold moved -1.007625% over 5 trading days (DOWN).",1.59,1.45,14.0,low_yield_regime,yields_rising,102.910004,103.559998,-0.649994,normal_dxy_regime,dxy_flat,2.18,2.07,0.11,normal_breakeven_regime,breakeven_rising
CPI_GOLD_2023-08-01,cpi_gold_v1,CPI,2023-08-01,2023-09-13,first_gold_session_on_or_after_release_timestamp,1909.099976,2023-09-13T08:30:00,C:\AurumAI\AurumAI\data\economic\CPIAUCSL.csv,04337a0b5f9995141bebfbea75d955e55b4b6649365000ac1a9d3776ce25577e,306.082,304.609,0.483571,inflation_pressure_up,LATE_CYCLE,1910.0,0.047144,FLAT,1945.599976,1.911896,UP,1872.800049,-1.901416,DOWN,5,"After CPI changed by 0.483571% on 2023-08-01, gold moved 1.911896% over 5 trading days (UP).",1.68,1.59,9.0,low_yield_regime,yields_flat,102.300003,102.910004,-0.610001,normal_dxy_regime,dxy_flat,2.26,2.18,0.08,normal_breakeven_regime,breakeven_flat
CPI_GOLD_2023-09-01,cpi_gold_v1,CPI,2023-09-01,2023-10-11,first_gold_session_on_or_after_release_timestamp,1872.800049,2023-10-11T08:30:00,C:\AurumAI\AurumAI\data\economic\CPIAUCSL.csv,04337a0b5f9995141bebfbea75d955e55b4b6649365000ac1a9d3776ce25577e,307.276,306.082,0.390092,inflation_pressure_up,LATE_CYCLE,1869.300049,-0.186886,DOWN,1955.300049,4.405169,UP,1951.5,4.202261,UP,5,"After CPI changed by 0.390092% on 2023-09-01, gold moved 4.405169% over 5 trading days (UP).",1.92,1.72,20.0,low_yield_regime,yields_rising,104.239998,102.589996,1.650002,normal_dxy_regime,dxy_rising,2.17,2.25,-0.08,normal_breakeven_regime,breakeven_flat
CPI_GOLD_2023-10-01,cpi_gold_v1,CPI,2023-10-01,2023-11-08,first_gold_session_on_or_after_release_timestamp,1951.5,2023-11-08T08:30:00,C:\AurumAI\AurumAI\data\economic\CPIAUCSL.csv,04337a0b5f9995141bebfbea75d955e55b4b6649365000ac1a9d3776ce25577e,307.696,307.276,0.136685,inflation_pressure_up,LATE_CYCLE,1964.199951,0.650779,UP,1960.099976,0.440685,UP,2029.900024,4.017424,UP,20,"After CPI changed by 0.136685% on 2023-10-01, gold moved 4.017424% over 20 trading days (UP).",2.24,1.92,32.0,normal_yield_regime,yields_rising,106.169998,104.239998,1.93,high_dxy_regime,dxy_rising,2.22,2.17,0.05,normal_breakeven_regime,breakeven_flat
CPI_GOLD_2023-11-01,cpi_gold_v1,CPI,2023-11-01,2023-12-13,first_gold_session_on_or_after_release_timestamp,1982.300049,2023-12-13T08:30:00,C:\AurumAI\AurumAI\data\economic\CPIAUCSL.csv,04337a0b5f9995141bebfbea75d955e55b4b6649365000ac1a9d3776ce25577e,308.148,307.696,0.146898,inflation_pressure_up,RECOVERY,2030.199951,2.41638,UP,2034.5,2.633302,UP,2046.699951,3.248746,UP,20,"After CPI changed by 0.146898% on 2023-11-01, gold moved 3.248746% over 20 trading days (UP).",2.36,2.34,2.0,normal_yield_regime,yields_flat,106.879997,106.900002,-0.020004,high_dxy_regime,dxy_flat,2.36,2.23,0.13,normal_breakeven_regime,breakeven_rising
CPI_GOLD_2023-12-01,cpi_gold_v1,CPI,2023-12-01,2024-01-10,first_gold_session_on_or_after_release_timestamp,2021.699951,2024-01-10T08:30:00,C:\AurumAI\AurumAI\data\economic\CPIAUCSL.csv,04337a0b5f9995141bebfbea75d955e55b4b6649365000ac1a9d3776ce25577e,308.741,308.148,0.19244,inflation_pressure_up,RECOVERY,2014.300049,-0.366024,DOWN,2018.599976,-0.153335,DOWN,2032.199951,0.519365,UP,20,"After CPI changed by 0.19244% on 2023-12-01, gold moved 0.519365% over 20 trading days (UP).",2.0,2.36,-36.0,normal_yield_regime,yields_falling,103.269997,106.879997,-3.610001,normal_dxy_regime,dxy_falling,2.12,2.36,-0.24,normal_breakeven_regime,breakeven_falling
CPI_GOLD_2024-01-01,cpi_gold_v1,CPI,2024-01-01,2024-02-14,first_gold_session_on_or_after_release_timestamp,1990.300049,2024-02-14T08:30:00,C:\AurumAI\AurumAI\data\economic\CPIAUCSL.csv,04337a0b5f9995141bebfbea75d955e55b4b6649365000ac1a9d3776ce25577e,309.698,308.741,0.309969,inflation_pressure_up,CONTRACTION,2002.099976,0.592872,UP,2019.699951,1.477159,UP,2163.0,8.677081,UP,20,"After CPI changed by 0.309969% on 2024-01-01, gold moved 8.677081% over 20 trading days (UP).",1.72,2.0,-28.0,low_yield_regime,yields_falling,101.330002,103.269997,-1.939995,normal_dxy_regime,dxy_falling,2.12,2.12,0.0,normal_breakeven_regime,breakeven_flat
CPI_GOLD_2024-02-01,cpi_gold_v1,CPI,2024-02-01,2024-03-13,first_gold_session_on_or_after_release_timestamp,2175.399902,2024-03-13T08:30:00,C:\AurumAI\AurumAI\data\economic\CPIAUCSL.csv,04337a0b5f9995141bebfbea75d955e55b4b6649365000ac1a9d3776ce25577e,310.967,309.698,0.409754,inflation_pressure_up,CONTRACTION,2163.0,-0.570006,DOWN,2157.899902,-0.80445,DOWN,2354.800049,8.246766,UP,20,"After CPI changed by 0.409754% on 2024-02-01, gold moved 8.246766% over 20 trading days (UP).",1.68,1.74,-6.0,low_yield_regime,yields_flat,103.050003,102.199997,0.850006,normal_dxy_regime,dxy_flat,2.17,2.17,0.0,normal_breakeven_regime,breakeven_flat
CPI_GOLD_2024-03-01,cpi_gold_v1,CPI,2024-03-01,2024-04-10,first_gold_session_on_or_after_release_timestamp,2329.600098,2024-04-10T08:30:00,C:\AurumAI\AurumAI\data\economic\CPIAUCSL.csv,04337a0b5f9995141bebfbea75d955e55b4b6649365000ac1a9d3776ce25577e,312.345,310.967,0.443134,inflation_pressure_up,LATE_CYCLE,2354.800049,1.081729,UP,2371.699951,1.807171,UP,2313.600098,-0.686813,DOWN,5,"After CPI changed by 0.443134% on 2024-03-01, gold moved 1.807171% over 5 trading days (UP).",1.87,1.73,14.0,low_yield_regime,yields_rising,103.860001,103.269997,0.590004,normal_dxy_regime,dxy_flat,2.4,2.24,0.16,normal_breakeven_regime,breakeven_rising
CPI_GOLD_2024-04-01,cpi_gold_v1,CPI,2024-04-01,2024-05-08,first_gold_session_on_or_after_release_timestamp,2313.600098,2024-05-08T08:30:00,C:\AurumAI\AurumAI\data\economic\CPIAUCSL.csv,04337a0b5f9995141bebfbea75d955e55b4b6649365000ac1a9d3776ce25577e,313.023,312.345,0.217068,inflation_pressure_up,LATE_CYCLE,2332.100098,0.79962,UP,2388.699951,3.246017,UP,2370.300049,2.450724,UP,5,"After CPI changed by 0.217068% on 2024-04-01, gold moved 3.246017% over 5 trading days (UP).",1.98,1.87,11.0,low_yield_regime,yields_rising,105.019997,103.860001,1.159996,high_dxy_regime,dxy_rising,2.41,2.4,0.01,normal_breakeven_regime,breakeven_flat
CPI_GOLD_2024-05-01,cpi_gold_v1,CPI,2024-05-01,2024-06-12,first_gold_session_on_or_after_release_timestamp,2336.0,2024-06-12T08:30:00,C:\AurumAI\AurumAI\data\economic\CPIAUCSL.csv,04337a0b5f9995141bebfbea75d955e55b4b6649365000ac1a9d3776ce25577e,313.175,313.023,0.048559,inflation_pressure_up,LATE_CYCLE,2300.199951,-1.532536,DOWN,2353.800049,0.761988,UP,2414.0,3.339041,UP,20,"After CPI changed by 0.048559% on 2024-05-01, gold moved 3.339041% over 20 trading days (UP).",2.25,1.98,27.0,normal_yield_regime,yields_rising,105.760002,105.019997,0.740005,high_dxy_regime,dxy_flat,2.39,2.41,-0.02,normal_breakeven_regime,breakeven_flat
CPI_GOLD_2024-06-01,cpi_gold_v1,CPI,2024-06-01,2024-07-10,first_gold_session_on_or_after_release_timestamp,2372.199951,2024-07-10T08:30:00,C:\AurumAI\AurumAI\data\economic\CPIAUCSL.csv,04337a0b5f9995141bebfbea75d955e55b4b6649365000ac1a9d3776ce25577e,313.044,313.175,-0.04183,inflation_pressure_down,LATE_CYCLE,2415.0,1.804234,UP,2454.800049,3.482004,UP,2390.5,0.771438,UP,5,"After CPI changed by -0.04183% on 2024-06-01, gold moved 3.482004% over 5 trading days (UP).",2.16,2.21,-5.0,normal_yield_regime,yields_flat,104.669998,105.300003,-0.630005,normal_dxy_regime,dxy_flat,2.34,2.37,-0.03,normal_breakeven_regime,breakeven_flat
CPI_GOLD_2024-07-01,cpi_gold_v1,CPI,2024-07-01,2024-08-14,first_gold_session_on_or_after_release_timestamp,2439.399902,2024-08-14T08:30:00,C:\AurumAI\AurumAI\data\economic\CPIAUCSL.csv,04337a0b5f9995141bebfbea75d955e55b4b6649365000ac1a9d3776ce25577e,313.569,313.044,0.167708,inflation_pressure_up,LATE_CYCLE,2453.100098,0.561622,UP,2508.399902,2.828565,UP,2551.199951,4.583096,UP,20,"After CPI changed by 0.167708% on 2024-07-01, gold moved 4.583096% over 20 trading days (UP).",2.16,2.16,0.0,normal_yield_regime,yields_flat,105.900002,104.669998,1.230003,high_dxy_regime,dxy_rising,2.29,2.34,-0.05,normal_breakeven_regime,breakeven_flat
CPI_GOLD_2024-08-01,cpi_gold_v1,CPI,2024-08-01,2024-09-11,first_gold_session_on_or_after_release_timestamp,2512.100098,2024-09-11T08:30:00,C:\AurumAI\AurumAI\data\economic\CPIAUCSL.csv,04337a0b5f9995141bebfbea75d955e55b4b6649365000ac1a9d3776ce25577e,314.062,313.569,0.157222,inflation_pressure_up,RECOVERY,2551.199951,1.556461,UP,2570.699951,2.332704,UP,2606.0,3.737904,UP,20,"After CPI changed by 0.157222% on 2024-08-01, gold moved 3.737904% over 20 trading days (UP).",1.79,2.13,-34.0,low_yield_regime,yields_falling,104.419998,105.720001,-1.300003,normal_dxy_regime,dxy_falling,2.06,2.26,-0.2,normal_breakeven_regime,breakeven_falling
CPI_GOLD_2024-09-01,cpi_gold_v1,CPI,2024-09-01,2024-10-09,first_gold_session_on_or_after_release_timestamp,2606.0,2024-10-09T08:30:00,C:\AurumAI\AurumAI\data\economic\CPIAUCSL.csv,04337a0b5f9995141bebfbea75d955e55b4b6649365000ac1a9d3776ce25577e,314.732,314.062,0.213334,inflation_pressure_up,CONTRACTION,2620.600098,0.560249,UP,2674.0,2.609363,UP,2667.600098,2.36378,UP,5,"After CPI changed by 0.213334% on 2024-09-01, gold moved 2.609363% over 5 trading days (UP).",1.76,1.76,0.0,low_yield_regime,yields_flat,101.699997,103.209999,-1.510002,normal_dxy_regime,dxy_falling,2.01,1.89,0.12,normal_breakeven_regime,breakeven_rising
CPI_GOLD_2024-10-01,cpi_gold_v1,CPI,2024-10-01,2024-11-13,first_gold_session_on_or_after_release_timestamp,2580.800049,2024-11-13T08:30:00,C:\AurumAI\AurumAI\data\economic\CPIAUCSL.csv,04337a0b5f9995141bebfbea75d955e55b4b6649365000ac1a9d3776ce25577e,315.631,314.732,0.28564,inflation_pressure_up,CONTRACTION,2568.199951,-0.488224,DOWN,2648.199951,2.611589,UP,2687.5,4.134375,UP,20,"After CPI changed by 0.28564% on 2024-10-01, gold moved 4.134375% over 20 trading days (UP).",1.55,1.76,-21.0,low_yield_regime,yields_falling,101.190002,101.699997,-0.509995,normal_dxy_regime,dxy_flat,2.07,2.01,0.06,normal_breakeven_regime,breakeven_flat
CPI_GOLD_2024-11-01,cpi_gold_v1,CPI,2024-11-01,2024-12-11,first_gold_session_on_or_after_release_timestamp,2733.800049,2024-12-11T08:30:00,C:\AurumAI\AurumAI\data\economic\CPIAUCSL.csv,04337a0b5f9995141bebfbea75d955e55b4b6649365000ac1a9d3776ce25577e,316.528,315.631,0.284193,inflation_pressure_up,LATE_CYCLE,2687.5,-1.693615,DOWN,2636.5,-3.55915,DOWN,2708.5,-0.925454,DOWN,5,"After CPI changed by 0.284193% on 2024-11-01, gold moved -3.55915% over 5 trading days (DOWN).",2.04,1.58,46.0,normal_yield_regime,yields_rising,104.279999,101.68,2.599998,normal_dxy_regime,dxy_rising,2.37,2.1,0.27,normal_breakeven_regime,breakeven_rising
CPI_GOLD_2024-12-01,cpi_gold_v1,CPI,2024-12-01,2025-01-08,first_gold_session_on_or_after_release_timestamp,2664.5,2025-01-08T08:30:00,C:\AurumAI\AurumAI\data\economic\CPIAUCSL.csv,04337a0b5f9995141bebfbea75d955e55b4b6649365000ac1a9d3776ce25577e,317.604,316.528,0.339938,inflation_pressure_up,EXPANSION,2683.800049,0.72434,UP,2712.5,1.801464,UP,2856.0,7.18709,UP,20,"After CPI changed by 0.339938% on 2024-12-01, gold moved 7.18709% over 20 trading days (UP).",1.92,2.04,-12.0,low_yield_regime,yields_falling,105.739998,104.279999,1.459999,high_dxy_regime,dxy_rising,2.33,2.37,-0.04,normal_breakeven_regime,breakeven_flat
CPI_GOLD_2025-01-01,cpi_gold_v1,CPI,2025-01-01,2025-02-12,first_gold_session_on_or_after_release_timestamp,2909.0,2025-02-12T08:30:00,C:\AurumAI\AurumAI\data\economic\CPIAUCSL.csv,04337a0b5f9995141bebfbea75d955e55b4b6649365000ac1a9d3776ce25577e,318.961,317.604,0.427262,inflation_pressure_up,LATE_CYCLE,2925.899902,0.580952,UP,2940.0,1.065658,UP,2984.300049,2.58852,UP,20,"After CPI changed by 0.427262% on 2025-01-01, gold moved 2.58852% over 20 trading days (UP).",2.24,1.93,31.0,normal_yield_regime,yields_rising,108.489998,106.449997,2.040001,high_dxy_regime,dxy_rising,2.38,2.33,0.05,normal_breakeven_regime,breakeven_flat
CPI_GOLD_2025-02-01,cpi_gold_v1,CPI,2025-02-01,2025-03-12,first_gold_session_on_or_after_release_timestamp,2939.100098,2025-03-12T08:30:00,C:\AurumAI\AurumAI\data\economic\CPIAUCSL.csv,04337a0b5f9995141bebfbea75d955e55b4b6649365000ac1a9d3776ce25577e,319.679,318.961,0.225106,inflation_pressure_up,LATE_CYCLE,2984.300049,1.537884,UP,3035.899902,3.293518,UP,3056.5,3.994417,UP,20,"After CPI changed by 0.225106% on 2025-02-01, gold moved 3.994417% over 20 trading days (UP).",2.16,2.23,-7.0,normal_yield_regime,yields_flat,108.370003,109.389999,-1.019997,high_dxy_regime,dxy_falling,2.54,2.41,0.13,normal_breakeven_regime,breakeven_rising
CPI_GOLD_2025-03-01,cpi_gold_v1,CPI,2025-03-01,2025-04-10,first_gold_session_on_or_after_release_timestamp,3155.199951,2025-04-10T08:30:00,C:\AurumAI\AurumAI\data\economic\CPIAUCSL.csv,04337a0b5f9995141bebfbea75d955e55b4b6649365000ac1a9d3776ce25577e,319.785,319.679,0.033158,inflation_pressure_up,LATE_CYCLE,3222.199951,2.123479,UP,3308.699951,4.864985,UP,3335.399902,5.711205,UP,20,"After CPI changed by 0.033158% on 2025-03-01, gold moved 5.711205% over 20 trading days (UP).",1.86,2.14,-28.0,low_yield_regime,yields_falling,107.610001,107.800003,-0.190002,high_dxy_regime,dxy_flat,2.58,2.5,0.08,normal_breakeven_regime,breakeven_flat
CPI_GOLD_2025-04-01,cpi_gold_v1,CPI,2025-04-01,2025-05-13,first_gold_session_on_or_after_release_timestamp,3240.300049,2025-05-13T08:30:00,C:\AurumAI\AurumAI\data\economic\CPIAUCSL.csv,04337a0b5f9995141bebfbea75d955e55b4b6649365000ac1a9d3776ce25577e,320.302,319.785,0.161671,inflation_pressure_up,LATE_CYCLE,3181.399902,-1.817737,DOWN,3280.300049,1.234454,UP,3321.300049,2.499769,UP,20,"After CPI changed by 0.161671% on 2025-04-01, gold moved 2.499769% over 20 trading days (UP).",1.84,1.86,-2.0,low_yield_regime,yields_flat,104.260002,107.610001,-3.349998,normal_dxy_regime,dxy_falling,2.54,2.58,-0.04,normal_breakeven_regime,breakeven_flat
CPI_GOLD_2025-05-01,cpi_gold_v1,CPI,2025-05-01,2025-06-11,first_gold_session_on_or_after_release_timestamp,3321.300049,2025-06-11T08:30:00,C:\AurumAI\AurumAI\data\economic\CPIAUCSL.csv,04337a0b5f9995141bebfbea75d955e55b4b6649365000ac1a9d3776ce25577e,320.62,320.302,0.099281,inflation_pressure_up,LATE_CYCLE,3380.899902,1.794474,UP,3389.800049,2.062445,UP,3317.399902,-0.117428,DOWN,5,"After CPI changed by 0.099281% on 2025-05-01, gold moved 2.062445% over 5 trading days (UP).",2.0,1.84,16.0,normal_yield_regime,yields_rising,100.25,104.260002,-4.010002,normal_dxy_regime,dxy_falling,2.3,2.54,-0.24,normal_breakeven_regime,breakeven_falling
CPI_GOLD_2025-06-01,cpi_gold_v1,CPI,2025-06-01,2025-07-10,first_gold_session_on_or_after_release_timestamp,3317.399902,2025-07-10T08:30:00,C:\AurumAI\AurumAI\data\economic\CPIAUCSL.csv,04337a0b5f9995141bebfbea75d955e55b4b6649365000ac1a9d3776ce25577e,321.435,320.62,0.254195,inflation_pressure_up,LATE_CYCLE,3356.0,1.163565,UP,3340.100098,0.684277,UP,3400.300049,2.498949,UP,20,"After CPI changed by 0.254195% on 2025-06-01, gold moved 2.498949% over 20 trading days (UP).",2.07,2.06,1.0,normal_yield_regime,yields_flat,99.330002,100.0,-0.669998,normal_dxy_regime,dxy_flat,2.39,2.31,0.08,normal_breakeven_regime,breakeven_flat
CPI_GOLD_2025-07-01,cpi_gold_v1,CPI,2025-07-01,2025-08-13,first_gold_session_on_or_after_release_timestamp,3358.699951,2025-08-13T08:30:00,C:\AurumAI\AurumAI\data\economic\CPIAUCSL.csv,04337a0b5f9995141bebfbea75d955e55b4b6649365000ac1a9d3776ce25577e,322.169,321.435,0.228351,inflation_pressure_up,LATE_CYCLE,3335.199951,-0.699675,DOWN,3343.399902,-0.455535,DOWN,3636.899902,8.282965,UP,20,"After CPI changed by 0.228351% on 2025-07-01, gold moved 8.282965% over 20 trading days (UP).",1.97,2.07,-10.0,low_yield_regime,yields_flat,96.82,99.330002,-2.510002,normal_dxy_regime,dxy_falling,2.32,2.39,-0.07,normal_breakeven_regime,breakeven_flat
CPI_GOLD_2025-08-01,cpi_gold_v1,CPI,2025-08-01,2025-09-11,first_gold_session_on_or_after_release_timestamp,3636.899902,2025-09-11T08:30:00,C:\AurumAI\AurumAI\data\economic\CPIAUCSL.csv,04337a0b5f9995141bebfbea75d955e55b4b6649365000ac1a9d3776ce25577e,323.291,322.169,0.348264,inflation_pressure_up,LATE_CYCLE,3649.399902,0.343699,UP,3643.699951,0.186974,UP,3946.300049,8.507249,UP,20,"After CPI changed by 0.348264% on 2025-08-01, gold moved 8.507249% over 20 trading days (UP).",1.9,2.0,-10.0,low_yield_regime,yields_flat,98.690002,96.779999,1.910004,normal_dxy_regime,dxy_rising,2.38,2.34,0.04,normal_breakeven_regime,breakeven_flat
CPI_GOLD_2025-09-01,cpi_gold_v1,CPI,2025-09-01,2025-10-10,first_gold_session_on_or_after_release_timestamp,3975.899902,2025-10-10T08:30:00,C:\AurumAI\AurumAI\data\economic\CPIAUCSL.csv,04337a0b5f9995141bebfbea75d955e55b4b6649365000ac1a9d3776ce25577e,324.245,323.291,0.29509,inflation_pressure_up,LATE_CYCLE,4108.600098,3.337614,UP,4189.899902,5.382429,UP,3999.399902,0.591061,UP,5,"After CPI changed by 0.29509% on 2025-09-01, gold moved 5.382429% over 5 trading days (UP).",1.82,1.9,-8.0,low_yield_regime,yields_flat,97.769997,98.690002,-0.920006,normal_dxy_regime,dxy_flat,2.47,2.38,0.09,normal_breakeven_regime,breakeven_flat
